user,category,date_index,rating,date
Magnus_Carlsen,Blitz,1,1696,2013-01-08
Magnus_Carlsen,Blitz,2,1677,2013-01-15
Magnus_Carlsen,Blitz,3,1675,2013-01-22
Magnus_Carlsen,Blitz,4,1675,2013-01-29
Magnus_Carlsen,Blitz,5,1686,2013-02-05
Magnus_Carlsen,Blitz,6,1684,2013-02-12
Magnus_Carlsen,Blitz,7,1646,2013-02-19
Magnus_Carlsen,Blitz,8,1611,2013-02-26
Magnus_Carlsen,Blitz,9,1633,2013-03-05
Magnus_Carlsen,Blitz,10,1630,2013-03-12
Magnus_Carlsen,Blitz,11,1605,2013-03-19
Magnus_Carlsen,Blitz,12,1604,2013-03-26
Magnus_Carlsen,Blitz,13,1624,2013-04-02
Magnus_Carlsen,Blitz,14,1655,2013-04-09
Magnus_Carlsen,Blitz,15,1650,2013-04-16
Magnus_Carlsen,Blitz,16,1648,2013-04-23
Magnus_Carlsen,Blitz,17,1623,2013-04-30
Magnus_Carlsen,Blitz,18,1632,2013-05-07
Magnus_Carlsen,Blitz,19,1624,2013-05-14
Magnus_Carlsen,Blitz,20,1633,2013-05-21
Magnus_Carlsen,Blitz,21,1646,2013-05-28
Magnus_Carlsen,Blitz,22,1663,2013-06-04
Magnus_Carlsen,Blitz,23,1656,2013-06-11
Magnus_Carlsen,Blitz,24,1665,2013-06-18
Magnus_Carlsen,Blitz,25,1641,2013-06-25
Magnus_Carlsen,Blitz,26,1631,2013-07-02
Magnus_Carlsen,Blitz,27,1621,2013-07-09
Magnus_Carlsen,Blitz,28,1586,2013-07-16
Magnus_Carlsen,Blitz,29,1589,2013-07-23
Magnus_Carlsen,Blitz,30,1594,2013-07-30
Magnus_Carlsen,Blitz,31,1590,2013-08-06
Magnus_Carlsen,Blitz,32,1603,2013-08-13
Magnus_Carlsen,Blitz,33,1594,2013-08-20
Magnus_Carlsen,Blitz,34,1576,2013-08-27
Magnus_Carlsen,Blitz,35,1584,2013-09-03
Magnus_Carlsen,Blitz,36,1574,2013-09-10
Magnus_Carlsen,Blitz,37,1597,2013-09-17
Magnus_Carlsen,Blitz,38,1593,2013-09-24
Magnus_Carlsen,Blitz,39,1604,2013-10-01
Magnus_Carlsen,Blitz,40,1611,2013-10-08
Magnus_Carlsen,Blitz,41,1601,2013-10-15
Magnus_Carlsen,Blitz,42,1627,2013-10-22
Magnus_Carlsen,Blitz,43,1638,2013-10-29
Magnus_Carlsen,Blitz,44,1641,2013-11-05
Magnus_Carlsen,Blitz,45,1647,2013-11-12
Magnus_Carlsen,Blitz,46,1659,2013-11-19
Magnus_Carlsen,Blitz,47,1663,2013-11-26
Magnus_Carlsen,Blitz,48,1619,2013-12-03
Magnus_Carlsen,Blitz,49,1626,2013-12-10
Magnus_Carlsen,Blitz,50,1622,2013-12-17
Magnus_Carlsen,Blitz,51,1627,2013-12-24
Magnus_Carlsen,Blitz,52,1637,2013-12-31
Magnus_Carlsen,Blitz,53,1660,2014-01-07
Magnus_Carlsen,Blitz,54,1651,2014-01-14
Magnus_Carlsen,Blitz,55,1672,2014-01-21
Magnus_Carlsen,Blitz,56,1679,2014-01-28
Magnus_Carlsen,Blitz,57,1697,2014-02-04
Magnus_Carlsen,Blitz,58,1712,2014-02-11
Magnus_Carlsen,Blitz,59,1725,2014-02-18
Magnus_Carlsen,Blitz,60,1711,2014-02-25
Magnus_Carlsen,Blitz,61,1712,2014-03-04
Magnus_Carlsen,Blitz,62,1723,2014-03-11
Magnus_Carlsen,Blitz,63,1711,2014-03-18
Magnus_Carlsen,Blitz,64,1704,2014-03-25
Magnus_Carlsen,Blitz,65,1715,2014-04-01
Magnus_Carlsen,Blitz,66,1728,2014-04-08
Magnus_Carlsen,Blitz,67,1737,2014-04-15
Magnus_Carlsen,Blitz,68,1726,2014-04-22
Magnus_Carlsen,Blitz,69,1711,2014-04-29
Magnus_Carlsen,Blitz,70,1736,2014-05-06
Magnus_Carlsen,Blitz,71,1741,2014-05-13
Magnus_Carlsen,Blitz,72,1745,2014-05-20
Magnus_Carlsen,Blitz,73,1745,2014-05-27
Magnus_Carlsen,Blitz,74,1729,2014-06-03
Magnus_Carlsen,Blitz,75,1740,2014-06-10
Magnus_Carlsen,Blitz,76,1738,2014-06-17
Magnus_Carlsen,Blitz,77,1737,2014-06-24
Magnus_Carlsen,Blitz,78,1753,2014-07-01
Magnus_Carlsen,Rapid,1,1749,2013-01-08
Magnus_Carlsen,Rapid,2,1771,2013-01-15
Magnus_Carlsen,Rapid,3,1766,2013-01-22
Magnus_Carlsen,Rapid,4,1777,2013-01-29
Magnus_Carlsen,Rapid,5,1799,2013-02-05
Magnus_Carlsen,Rapid,6,1784,2013-02-12
Magnus_Carlsen,Rapid,7,1772,2013-02-19
Magnus_Carlsen,Rapid,8,1757,2013-02-26
Magnus_Carlsen,Rapid,9,1736,2013-03-05
Magnus_Carlsen,Rapid,10,1739,2013-03-12
Magnus_Carlsen,Rapid,11,1750,2013-03-19
Magnus_Carlsen,Rapid,12,1770,2013-03-26
Magnus_Carlsen,Rapid,13,1787,2013-04-02
Magnus_Carlsen,Rapid,14,1773,2013-04-09
Magnus_Carlsen,Rapid,15,1802,2013-04-16
Magnus_Carlsen,Rapid,16,1794,2013-04-23
Magnus_Carlsen,Rapid,17,1797,2013-04-30
Magnus_Carlsen,Rapid,18,1792,2013-05-07
Magnus_Carlsen,Rapid,19,1791,2013-05-14
Magnus_Carlsen,Rapid,20,1796,2013-05-21
Magnus_Carlsen,Rapid,21,1799,2013-05-28
Magnus_Carlsen,Rapid,22,1800,2013-06-04
Magnus_Carlsen,Rapid,23,1803,2013-06-11
Magnus_Carlsen,Rapid,24,1797,2013-06-18
Magnus_Carlsen,Rapid,25,1791,2013-06-25
Magnus_Carlsen,Rapid,26,1767,2013-07-02
Magnus_Carlsen,Rapid,27,1763,2013-07-09
Magnus_Carlsen,Rapid,28,1757,2013-07-16
Magnus_Carlsen,Rapid,29,1799,2013-07-23
Magnus_Carlsen,Rapid,30,1780,2013-07-30
Magnus_Carlsen,Rapid,31,1783,2013-08-06
Magnus_Carlsen,Rapid,32,1762,2013-08-13
Magnus_Carlsen,Rapid,33,1742,2013-08-20
Magnus_Carlsen,Rapid,34,1745,2013-08-27
Magnus_Carlsen,Rapid,35,1731,2013-09-03
Magnus_Carlsen,Rapid,36,1733,2013-09-10
Magnus_Carlsen,Rapid,37,1728,2013-09-17
Magnus_Carlsen,Rapid,38,1720,2013-09-24
Magnus_Carlsen,Rapid,39,1691,2013-10-01
Magnus_Carlsen,Rapid,40,1674,2013-10-08
Magnus_Carlsen,Rapid,41,1678,2013-10-15
Magnus_Carlsen,Rapid,42,1688,2013-10-22
Magnus_Carlsen,Rapid,43,1682,2013-10-29
Magnus_Carlsen,Rapid,44,1684,2013-11-05
Magnus_Carlsen,Rapid,45,1702,2013-11-12
Magnus_Carlsen,Rapid,46,1725,2013-11-19
Magnus_Carlsen,Rapid,47,1710,2013-11-26
Magnus_Carlsen,Rapid,48,1709,2013-12-03
Magnus_Carlsen,Rapid,49,1729,2013-12-10
Magnus_Carlsen,Rapid,50,1723,2013-12-17
Magnus_Carlsen,Rapid,51,1724,2013-12-24
Magnus_Carlsen,Rapid,52,1724,2013-12-31
Magnus_Carlsen,Rapid,53,1712,2014-01-07
Magnus_Carlsen,Rapid,54,1707,2014-01-14
Magnus_Carlsen,Rapid,55,1708,2014-01-21
Magnus_Carlsen,Rapid,56,1703,2014-01-28
Magnus_Carlsen,Rapid,57,1721,2014-02-04
Magnus_Carlsen,Rapid,58,1715,2014-02-11
Magnus_Carlsen,Rapid,59,1710,2014-02-18
Magnus_Carlsen,Rapid,60,1722,2014-02-25
Magnus_Carlsen,Rapid,61,1708,2014-03-04
Magnus_Carlsen,Rapid,62,1709,2014-03-11
Magnus_Carlsen,Rapid,63,1687,2014-03-18
Magnus_Carlsen,Rapid,64,1706,2014-03-25
Magnus_Carlsen,Rapid,65,1703,2014-04-01
Magnus_Carlsen,Rapid,66,1697,2014-04-08
Magnus_Carlsen,Bullet,1,1581,2013-01-08
Magnus_Carlsen,Bullet,2,1562,2013-01-15
Magnus_Carlsen,Bullet,3,1585,2013-01-22
Magnus_Carlsen,Bullet,4,1591,2013-01-29
Magnus_Carlsen,Bullet,5,1628,2013-02-05
Magnus_Carlsen,Bullet,6,1624,2013-02-12
Magnus_Carlsen,Bullet,7,1616,2013-02-19
Magnus_Carlsen,Bullet,8,1640,2013-02-26
Magnus_Carlsen,Bullet,9,1656,2013-03-05
Magnus_Carlsen,Bullet,10,1666,2013-03-12
Magnus_Carlsen,Bullet,11,1625,2013-03-19
Magnus_Carlsen,Bullet,12,1622,2013-03-26
Magnus_Carlsen,Bullet,13,1622,2013-04-02
Magnus_Carlsen,Bullet,14,1615,2013-04-09
Magnus_Carlsen,Bullet,15,1608,2013-04-16
Magnus_Carlsen,Bullet,16,1589,2013-04-23
Magnus_Carlsen,Bullet,17,1584,2013-04-30
Magnus_Carlsen,Bullet,18,1559,2013-05-07
Magnus_Carlsen,Bullet,19,1555,2013-05-14
Magnus_Carlsen,Bullet,20,1575,2013-05-21
Magnus_Carlsen,Bullet,21,1579,2013-05-28
Magnus_Carlsen,Bullet,22,1565,2013-06-04
Magnus_Carlsen,Bullet,23,1565,2013-06-11
Magnus_Carlsen,Bullet,24,1591,2013-06-18
Magnus_Carlsen,Bullet,25,1590,2013-06-25
Magnus_Carlsen,Bullet,26,1597,2013-07-02
Magnus_Carlsen,Bullet,27,1628,2013-07-09
Magnus_Carlsen,Bullet,28,1632,2013-07-16
Magnus_Carlsen,Bullet,29,1655,2013-07-23
Magnus_Carlsen,Bullet,30,1647,2013-07-30
Magnus_Carlsen,Classical,1,1512,2013-01-08
Magnus_Carlsen,Classical,2,1495,2013-01-15
Magnus_Carlsen,Classical,3,1523,2013-01-22
Magnus_Carlsen,Classical,4,1506,2013-01-29
Magnus_Carlsen,Classical,5,1522,2013-02-05
Magnus_Carlsen,Classical,6,1522,2013-02-12
Magnus_Carlsen,Classical,7,1515,2013-02-19
Magnus_Carlsen,Classical,8,1530,2013-02-26
Magnus_Carlsen,Classical,9,1558,2013-03-05
Magnus_Carlsen,Classical,10,1539,2013-03-12
Magnus_Carlsen,Classical,11,1542,2013-03-19
Magnus_Carlsen,Classical,12,1532,2013-03-26
Magnus_Carlsen,Classical,13,1533,2013-04-02
Magnus_Carlsen,Classical,14,1554,2013-04-09
Magnus_Carlsen,Classical,15,1534,2013-04-16
Magnus_Carlsen,Classical,16,1536,2013-04-23
Magnus_Carlsen,Classical,17,1534,2013-04-30
Magnus_Carlsen,Classical,18,1517,2013-05-07
Magnus_Carlsen,Classical,19,1509,2013-05-14
Magnus_Carlsen,Classical,20,1506,2013-05-21
Magnus_Carlsen,Classical,21,1511,2013-05-28
Magnus_Carlsen,Classical,22,1521,2013-06-04
Magnus_Carlsen,Classical,23,1507,2013-06-11
Magnus_Carlsen,Classical,24,1520,2013-06-18
Magnus_Carlsen,Classical,25,1498,2013-06-25
Magnus_Carlsen,Classical,26,1498,2013-07-02
Magnus_Carlsen,Classical,27,1513,2013-07-09
Magnus_Carlsen,Classical,28,1493,2013-07-16
Magnus_Carlsen,Classical,29,1488,2013-07-23
Magnus_Carlsen,Classical,30,1490,2013-07-30
Magnus_Carlsen,Classical,31,1493,2013-08-06
Magnus_Carlsen,Classical,32,1474,2013-08-13
Magnus_Carlsen,Classical,33,1443,2013-08-20
Magnus_Carlsen,Classical,34,1433,2013-08-27
Magnus_Carlsen,Classical,35,1434,2013-09-03
Magnus_Carlsen,Classical,36,1456,2013-09-10
Magnus_Carlsen,Classical,37,1474,2013-09-17
Magnus_Carlsen,Classical,38,1474,2013-09-24
Magnus_Carlsen,Classical,39,1488,2013-10-01
Magnus_Carlsen,Classical,40,1467,2013-10-08
Magnus_Carlsen,Classical,41,1464,2013-10-15
Magnus_Carlsen,Classical,42,1472,2013-10-22
Magnus_Carlsen,Classical,43,1465,2013-10-29
Magnus_Carlsen,Classical,44,1474,2013-11-05
Magnus_Carlsen,Classical,45,1490,2013-11-12
Magnus_Carlsen,Classical,46,1470,2013-11-19
Magnus_Carlsen,Classical,47,1450,2013-11-26
Magnus_Carlsen,Classical,48,1457,2013-12-03
Magnus_Carlsen,Classical,49,1445,2013-12-10
Magnus_Carlsen,Classical,50,1463,2013-12-17
Magnus_Carlsen,Classical,51,1419,2013-12-24
Magnus_Carlsen,Classical,52,1446,2013-12-31
Magnus_Carlsen,Classical,53,1446,2014-01-07
Magnus_Carlsen,Classical,54,1467,2014-01-14
Hikaru,Blitz,1,1703,2013-01-08
Hikaru,Blitz,2,1706,2013-01-15
Hikaru,Blitz,3,1689,2013-01-22
Hikaru,Blitz,4,1688,2013-01-29
Hikaru,Blitz,5,1677,2013-02-05
Hikaru,Blitz,6,1653,2013-02-12
Hikaru,Blitz,7,1652,2013-02-19
Hikaru,Blitz,8,1649,2013-02-26
Hikaru,Blitz,9,1636,2013-03-05
Hikaru,Blitz,10,1628,2013-03-12
Hikaru,Blitz,11,1600,2013-03-19
Hikaru,Blitz,12,1587,2013-03-26
Hikaru,Blitz,13,1600,2013-04-02
Hikaru,Blitz,14,1619,2013-04-09
Hikaru,Blitz,15,1603,2013-04-16
Hikaru,Blitz,16,1593,2013-04-23
Hikaru,Blitz,17,1604,2013-04-30
Hikaru,Blitz,18,1597,2013-05-07
Hikaru,Blitz,19,1590,2013-05-14
Hikaru,Blitz,20,1581,2013-05-21
Hikaru,Blitz,21,1584,2013-05-28
Hikaru,Blitz,22,1607,2013-06-04
Hikaru,Blitz,23,1590,2013-06-11
Hikaru,Blitz,24,1597,2013-06-18
Hikaru,Blitz,25,1618,2013-06-25
Hikaru,Blitz,26,1609,2013-07-02
Hikaru,Blitz,27,1598,2013-07-09
Hikaru,Blitz,28,1604,2013-07-16
Hikaru,Blitz,29,1584,2013-07-23
Hikaru,Blitz,30,1586,2013-07-30
Hikaru,Blitz,31,1574,2013-08-06
Hikaru,Blitz,32,1600,2013-08-13
Hikaru,Blitz,33,1586,2013-08-20
Hikaru,Blitz,34,1597,2013-08-27
Hikaru,Blitz,35,1586,2013-09-03
Hikaru,Blitz,36,1579,2013-09-10
Hikaru,Blitz,37,1566,2013-09-17
Hikaru,Blitz,38,1550,2013-09-24
Hikaru,Blitz,39,1530,2013-10-01
Hikaru,Rapid,1,1637,2013-01-08
Hikaru,Rapid,2,1650,2013-01-15
Hikaru,Rapid,3,1639,2013-01-22
Hikaru,Rapid,4,1615,2013-01-29
Hikaru,Rapid,5,1610,2013-02-05
Hikaru,Rapid,6,1602,2013-02-12
Hikaru,Rapid,7,1614,2013-02-19
Hikaru,Rapid,8,1604,2013-02-26
Hikaru,Rapid,9,1555,2013-03-05
Hikaru,Rapid,10,1562,2013-03-12
Hikaru,Rapid,11,1535,2013-03-19
Hikaru,Rapid,12,1539,2013-03-26
Hikaru,Rapid,13,1562,2013-04-02
Hikaru,Rapid,14,1569,2013-04-09
Hikaru,Rapid,15,1570,2013-04-16
Hikaru,Rapid,16,1609,2013-04-23
Hikaru,Rapid,17,1619,2013-04-30
Hikaru,Rapid,18,1635,2013-05-07
Hikaru,Rapid,19,1677,2013-05-14
Hikaru,Rapid,20,1678,2013-05-21
Hikaru,Rapid,21,1674,2013-05-28
Hikaru,Rapid,22,1674,2013-06-04
Hikaru,Rapid,23,1667,2013-06-11
Hikaru,Rapid,24,1661,2013-06-18
Hikaru,Rapid,25,1662,2013-06-25
Hikaru,Rapid,26,1649,2013-07-02
Hikaru,Rapid,27,1651,2013-07-09
Hikaru,Rapid,28,1654,2013-07-16
Hikaru,Rapid,29,1650,2013-07-23
Hikaru,Rapid,30,1673,2013-07-30
Hikaru,Rapid,31,1662,2013-08-06
Hikaru,Rapid,32,1657,2013-08-13
Hikaru,Rapid,33,1662,2013-08-20
Hikaru,Rapid,34,1673,2013-08-27
Hikaru,Rapid,35,1683,2013-09-03
Hikaru,Rapid,36,1682,2013-09-10
Hikaru,Rapid,37,1683,2013-09-17
Hikaru,Rapid,38,1674,2013-09-24
Hikaru,Rapid,39,1665,2013-10-01
Hikaru,Rapid,40,1675,2013-10-08
Hikaru,Rapid,41,1677,2013-10-15
Hikaru,Rapid,42,1688,2013-10-22
Hikaru,Rapid,43,1671,2013-10-29
Hikaru,Rapid,44,1688,2013-11-05
Hikaru,Rapid,45,1697,2013-11-12
Hikaru,Rapid,46,1693,2013-11-19
Hikaru,Rapid,47,1716,2013-11-26
Hikaru,Rapid,48,1743,2013-12-03
Hikaru,Rapid,49,1753,2013-12-10
Hikaru,Rapid,50,1754,2013-12-17
Hikaru,Rapid,51,1736,2013-12-24
Hikaru,Rapid,52,1731,2013-12-31
Hikaru,Rapid,53,1752,2014-01-07
Hikaru,Rapid,54,1767,2014-01-14
Hikaru,Rapid,55,1780,2014-01-21
Hikaru,Rapid,56,1779,2014-01-28
Hikaru,Rapid,57,1772,2014-02-04
Hikaru,Rapid,58,1785,2014-02-11
Hikaru,Rapid,59,1783,2014-02-18
Hikaru,Rapid,60,1768,2014-02-25
Hikaru,Rapid,61,1761,2014-03-04
Hikaru,Rapid,62,1758,2014-03-11
Hikaru,Rapid,63,1777,2014-03-18
Hikaru,Rapid,64,1804,2014-03-25
Hikaru,Rapid,65,1820,2014-04-01
Hikaru,Bullet,1,1501,2013-01-08
Hikaru,Bullet,2,1506,2013-01-15
Hikaru,Bullet,3,1524,2013-01-22
Hikaru,Bullet,4,1500,2013-01-29
Hikaru,Bullet,5,1502,2013-02-05
Hikaru,Bullet,6,1523,2013-02-12
Hikaru,Bullet,7,1535,2013-02-19
Hikaru,Bullet,8,1523,2013-02-26
Hikaru,Bullet,9,1535,2013-03-05
Hikaru,Bullet,10,1523,2013-03-12
Hikaru,Bullet,11,1517,2013-03-19
Hikaru,Bullet,12,1536,2013-03-26
Hikaru,Bullet,13,1532,2013-04-02
Hikaru,Bullet,14,1546,2013-04-09
Hikaru,Bullet,15,1542,2013-04-16
Hikaru,Bullet,16,1519,2013-04-23
Hikaru,Bullet,17,1507,2013-04-30
Hikaru,Bullet,18,1492,2013-05-07
Hikaru,Bullet,19,1486,2013-05-14
Hikaru,Bullet,20,1481,2013-05-21
Hikaru,Bullet,21,1480,2013-05-28
Hikaru,Bullet,22,1477,2013-06-04
Hikaru,Bullet,23,1506,2013-06-11
Hikaru,Bullet,24,1487,2013-06-18
Hikaru,Bullet,25,1481,2013-06-25
Hikaru,Bullet,26,1487,2013-07-02
Hikaru,Bullet,27,1513,2013-07-09
Hikaru,Bullet,28,1515,2013-07-16
Hikaru,Bullet,29,1534,2013-07-23
Hikaru,Bullet,30,1510,2013-07-30
Hikaru,Bullet,31,1533,2013-08-06
Hikaru,Bullet,32,1524,2013-08-13
Hikaru,Bullet,33,1520,2013-08-20
Hikaru,Bullet,34,1504,2013-08-27
Hikaru,Bullet,35,1507,2013-09-03
Hikaru,Bullet,36,1535,2013-09-10
Hikaru,Bullet,37,1572,2013-09-17
Hikaru,Bullet,38,1557,2013-09-24
Hikaru,Bullet,39,1565,2013-10-01
Hikaru,Bullet,40,1587,2013-10-08
Hikaru,Bullet,41,1585,2013-10-15
Hikaru,Bullet,42,1582,2013-10-22
Hikaru,Bullet,43,1579,2013-10-29
Hikaru,Bullet,44,1588,2013-11-05
Hikaru,Bullet,45,1610,2013-11-12
Hikaru,Bullet,46,1621,2013-11-19
Hikaru,Bullet,47,1627,2013-11-26
Hikaru,Classical,1,1603,2013-01-08
Hikaru,Classical,2,1587,2013-01-15
Hikaru,Classical,3,1593,2013-01-22
Hikaru,Classical,4,1573,2013-01-29
Hikaru,Classical,5,1569,2013-02-05
Hikaru,Classical,6,1540,2013-02-12
Hikaru,Classical,7,1533,2013-02-19
Hikaru,Classical,8,1518,2013-02-26
Hikaru,Classical,9,1503,2013-03-05
Hikaru,Classical,10,1523,2013-03-12
Hikaru,Classical,11,1526,2013-03-19
Hikaru,Classical,12,1512,2013-03-26
Hikaru,Classical,13,1502,2013-04-02
Hikaru,Classical,14,1503,2013-04-09
Hikaru,Classical,15,1526,2013-04-16
Hikaru,Classical,16,1531,2013-04-23
Hikaru,Classical,17,1537,2013-04-30
Hikaru,Classical,18,1517,2013-05-07
Hikaru,Classical,19,1520,2013-05-14
Hikaru,Classical,20,1527,2013-05-21
Hikaru,Classical,21,1503,2013-05-28
Hikaru,Classical,22,1531,2013-06-04
Hikaru,Classical,23,1498,2013-06-11
Hikaru,Classical,24,1475,2013-06-18
Hikaru,Classical,25,1473,2013-06-25
Hikaru,Classical,26,1469,2013-07-02
Hikaru,Classical,27,1474,2013-07-09
Hikaru,Classical,28,1482,2013-07-16
Hikaru,Classical,29,1443,2013-07-23
Hikaru,Classical,30,1457,2013-07-30
Hikaru,Classical,31,1461,2013-08-06
Hikaru,Classical,32,1446,2013-08-13
Hikaru,Classical,33,1441,2013-08-20
Hikaru,Classical,34,1428,2013-08-27
Hikaru,Classical,35,1441,2013-09-03
Hikaru,Classical,36,1439,2013-09-10
Hikaru,Classical,37,1414,2013-09-17
Hikaru,Classical,38,1437,2013-09-24
Hikaru,Classical,39,1461,2013-10-01
Hikaru,Classical,40,1470,2013-10-08
Hikaru,Classical,41,1459,2013-10-15
Hikaru,Classical,42,1476,2013-10-22
Hikaru,Classical,43,1463,2013-10-29
Hikaru,Classical,44,1458,2013-11-05
Hikaru,Classical,45,1476,2013-11-12
Hikaru,Classical,46,1492,2013-11-19
Hikaru,Classical,47,1500,2013-11-26
Hikaru,Classical,48,1500,2013-12-03
Hikaru,Classical,49,1504,2013-12-10
Hikaru,Classical,50,1516,2013-12-17
Hikaru,Classical,51,1529,2013-12-24
Hikaru,Classical,52,1516,2013-12-31
Hikaru,Classical,53,1497,2014-01-07
Hikaru,Classical,54,1512,2014-01-14
Hikaru,Classical,55,1511,2014-01-21
Hikaru,Classical,56,1507,2014-01-28
Hikaru,Classical,57,1529,2014-02-04
Hikaru,Classical,58,1508,2014-02-11
Hikaru,Classical,59,1517,2014-02-18
Hikaru,Classical,60,1491,2014-02-25
Hikaru,Classical,61,1458,2014-03-04
Hikaru,Classical,62,1484,2014-03-11
Hikaru,Classical,63,1475,2014-03-18
Hikaru,Classical,64,1458,2014-03-25
Hikaru,Classical,65,1452,2014-04-01
Hikaru,Classical,66,1474,2014-04-08
Hikaru,Classical,67,1486,2014-04-15
Hikaru,Classical,68,1490,2014-04-22
Hikaru,Classical,69,1474,2014-04-29
Hikaru,Classical,70,1507,2014-05-06
Hikaru,Classical,71,1491,2014-05-13
Hikaru,Classical,72,1508,2014-05-20
Hikaru,Classical,73,1505,2014-05-27
Hikaru,Classical,74,1504,2014-06-03
Hikaru,Classical,75,1530,2014-06-10
Hikaru,Classical,76,1554,2014-06-17
Hikaru,Classical,77,1536,2014-06-24
Hikaru,Classical,78,1530,2014-07-01
GothamChess,Blitz,1,1597,2013-01-08
GothamChess,Blitz,2,1598,2013-01-15
GothamChess,Blitz,3,1593,2013-01-22
GothamChess,Blitz,4,1589,2013-01-29
GothamChess,Blitz,5,1599,2013-02-05
GothamChess,Blitz,6,1577,2013-02-12
GothamChess,Blitz,7,1575,2013-02-19
GothamChess,Blitz,8,1585,2013-02-26
GothamChess,Blitz,9,1590,2013-03-05
GothamChess,Blitz,10,1604,2013-03-12
GothamChess,Blitz,11,1612,2013-03-19
GothamChess,Blitz,12,1619,2013-03-26
GothamChess,Blitz,13,1633,2013-04-02
GothamChess,Blitz,14,1653,2013-04-09
GothamChess,Blitz,15,1641,2013-04-16
GothamChess,Blitz,16,1629,2013-04-23
GothamChess,Blitz,17,1628,2013-04-30
GothamChess,Blitz,18,1631,2013-05-07
GothamChess,Blitz,19,1618,2013-05-14
GothamChess,Blitz,20,1614,2013-05-21
GothamChess,Blitz,21,1598,2013-05-28
GothamChess,Blitz,22,1571,2013-06-04
GothamChess,Blitz,23,1584,2013-06-11
GothamChess,Blitz,24,1574,2013-06-18
GothamChess,Blitz,25,1557,2013-06-25
GothamChess,Blitz,26,1576,2013-07-02
GothamChess,Blitz,27,1557,2013-07-09
GothamChess,Blitz,28,1574,2013-07-16
GothamChess,Blitz,29,1558,2013-07-23
GothamChess,Blitz,30,1536,2013-07-30
GothamChess,Blitz,31,1500,2013-08-06
GothamChess,Blitz,32,1477,2013-08-13
GothamChess,Blitz,33,1480,2013-08-20
GothamChess,Blitz,34,1450,2013-08-27
GothamChess,Blitz,35,1460,2013-09-03
GothamChess,Blitz,36,1474,2013-09-10
GothamChess,Blitz,37,1477,2013-09-17
GothamChess,Blitz,38,1465,2013-09-24
GothamChess,Blitz,39,1480,2013-10-01
GothamChess,Blitz,40,1472,2013-10-08
GothamChess,Blitz,41,1464,2013-10-15
GothamChess,Blitz,42,1439,2013-10-22
GothamChess,Blitz,43,1432,2013-10-29
GothamChess,Blitz,44,1428,2013-11-05
GothamChess,Blitz,45,1404,2013-11-12
GothamChess,Blitz,46,1424,2013-11-19
GothamChess,Blitz,47,1411,2013-11-26
GothamChess,Blitz,48,1395,2013-12-03
GothamChess,Blitz,49,1398,2013-12-10
GothamChess,Blitz,50,1404,2013-12-17
GothamChess,Blitz,51,1384,2013-12-24
GothamChess,Blitz,52,1379,2013-12-31
GothamChess,Blitz,53,1384,2014-01-07
GothamChess,Blitz,54,1372,2014-01-14
GothamChess,Blitz,55,1388,2014-01-21
GothamChess,Blitz,56,1355,2014-01-28
GothamChess,Blitz,57,1343,2014-02-04
GothamChess,Blitz,58,1351,2014-02-11
GothamChess,Blitz,59,1366,2014-02-18
GothamChess,Blitz,60,1368,2014-02-25
GothamChess,Blitz,61,1360,2014-03-04
GothamChess,Blitz,62,1380,2014-03-11
GothamChess,Blitz,63,1356,2014-03-18
GothamChess,Blitz,64,1365,2014-03-25
GothamChess,Blitz,65,1355,2014-04-01
GothamChess,Blitz,66,1360,2014-04-08
GothamChess,Blitz,67,1335,2014-04-15
GothamChess,Blitz,68,1360,2014-04-22
GothamChess,Blitz,69,1368,2014-04-29
GothamChess,Blitz,70,1343,2014-05-06
GothamChess,Blitz,71,1325,2014-05-13
GothamChess,Blitz,72,1354,2014-05-20
GothamChess,Blitz,73,1364,2014-05-27
GothamChess,Blitz,74,1335,2014-06-03
GothamChess,Blitz,75,1337,2014-06-10
GothamChess,Blitz,76,1312,2014-06-17
GothamChess,Rapid,1,1504,2013-01-08
GothamChess,Rapid,2,1506,2013-01-15
GothamChess,Rapid,3,1508,2013-01-22
GothamChess,Rapid,4,1489,2013-01-29
GothamChess,Rapid,5,1493,2013-02-05
GothamChess,Rapid,6,1501,2013-02-12
GothamChess,Rapid,7,1481,2013-02-19
GothamChess,Rapid,8,1488,2013-02-26
GothamChess,Rapid,9,1485,2013-03-05
GothamChess,Rapid,10,1504,2013-03-12
GothamChess,Rapid,11,1499,2013-03-19
GothamChess,Rapid,12,1511,2013-03-26
GothamChess,Rapid,13,1494,2013-04-02
GothamChess,Rapid,14,1507,2013-04-09
GothamChess,Rapid,15,1529,2013-04-16
GothamChess,Rapid,16,1550,2013-04-23
GothamChess,Rapid,17,1545,2013-04-30
GothamChess,Rapid,18,1559,2013-05-07
GothamChess,Rapid,19,1572,2013-05-14
GothamChess,Rapid,20,1572,2013-05-21
GothamChess,Rapid,21,1583,2013-05-28
GothamChess,Rapid,22,1546,2013-06-04
GothamChess,Rapid,23,1551,2013-06-11
GothamChess,Rapid,24,1529,2013-06-18
GothamChess,Rapid,25,1531,2013-06-25
GothamChess,Rapid,26,1557,2013-07-02
GothamChess,Rapid,27,1566,2013-07-09
GothamChess,Rapid,28,1557,2013-07-16
GothamChess,Rapid,29,1552,2013-07-23
GothamChess,Rapid,30,1535,2013-07-30
GothamChess,Rapid,31,1501,2013-08-06
GothamChess,Rapid,32,1515,2013-08-13
GothamChess,Rapid,33,1539,2013-08-20
GothamChess,Rapid,34,1541,2013-08-27
GothamChess,Rapid,35,1528,2013-09-03
GothamChess,Rapid,36,1526,2013-09-10
GothamChess,Rapid,37,1526,2013-09-17
GothamChess,Rapid,38,1517,2013-09-24
GothamChess,Rapid,39,1513,2013-10-01
GothamChess,Rapid,40,1512,2013-10-08
GothamChess,Rapid,41,1521,2013-10-15
GothamChess,Rapid,42,1539,2013-10-22
GothamChess,Rapid,43,1507,2013-10-29
GothamChess,Rapid,44,1537,2013-11-05
GothamChess,Rapid,45,1577,2013-11-12
GothamChess,Rapid,46,1561,2013-11-19
GothamChess,Rapid,47,1552,2013-11-26
GothamChess,Rapid,48,1565,2013-12-03
GothamChess,Rapid,49,1565,2013-12-10
GothamChess,Rapid,50,1586,2013-12-17
GothamChess,Rapid,51,1595,2013-12-24
GothamChess,Rapid,52,1577,2013-12-31
GothamChess,Rapid,53,1585,2014-01-07
GothamChess,Bullet,1,1645,2013-01-08
GothamChess,Bullet,2,1645,2013-01-15
GothamChess,Bullet,3,1644,2013-01-22
GothamChess,Bullet,4,1632,2013-01-29
GothamChess,Bullet,5,1654,2013-02-05
GothamChess,Bullet,6,1656,2013-02-12
GothamChess,Bullet,7,1664,2013-02-19
GothamChess,Bullet,8,1697,2013-02-26
GothamChess,Bullet,9,1694,2013-03-05
GothamChess,Bullet,10,1697,2013-03-12
GothamChess,Bullet,11,1695,2013-03-19
GothamChess,Bullet,12,1712,2013-03-26
GothamChess,Bullet,13,1720,2013-04-02
GothamChess,Bullet,14,1714,2013-04-09
GothamChess,Bullet,15,1730,2013-04-16
GothamChess,Bullet,16,1715,2013-04-23
GothamChess,Bullet,17,1720,2013-04-30
GothamChess,Bullet,18,1693,2013-05-07
GothamChess,Bullet,19,1705,2013-05-14
GothamChess,Bullet,20,1707,2013-05-21
GothamChess,Bullet,21,1708,2013-05-28
GothamChess,Bullet,22,1691,2013-06-04
GothamChess,Bullet,23,1689,2013-06-11
GothamChess,Bullet,24,1715,2013-06-18
GothamChess,Bullet,25,1731,2013-06-25
GothamChess,Bullet,26,1745,2013-07-02
GothamChess,Bullet,27,1757,2013-07-09
GothamChess,Bullet,28,1769,2013-07-16
GothamChess,Bullet,29,1747,2013-07-23
GothamChess,Bullet,30,1723,2013-07-30
GothamChess,Bullet,31,1716,2013-08-06
GothamChess,Bullet,32,1740,2013-08-13
GothamChess,Bullet,33,1750,2013-08-20
GothamChess,Bullet,34,1740,2013-08-27
GothamChess,Bullet,35,1745,2013-09-03
GothamChess,Bullet,36,1750,2013-09-10
GothamChess,Classical,1,1661,2013-01-08
GothamChess,Classical,2,1651,2013-01-15
GothamChess,Classical,3,1660,2013-01-22
GothamChess,Classical,4,1647,2013-01-29
GothamChess,Classical,5,1642,2013-02-05
GothamChess,Classical,6,1655,2013-02-12
GothamChess,Classical,7,1648,2013-02-19
GothamChess,Classical,8,1620,2013-02-26
GothamChess,Classical,9,1631,2013-03-05
GothamChess,Classical,10,1609,2013-03-12
GothamChess,Classical,11,1590,2013-03-19
GothamChess,Classical,12,1546,2013-03-26
GothamChess,Classical,13,1559,2013-04-02
GothamChess,Classical,14,1564,2013-04-09
GothamChess,Classical,15,1573,2013-04-16
GothamChess,Classical,16,1587,2013-04-23
GothamChess,Classical,17,1587,2013-04-30
GothamChess,Classical,18,1572,2013-05-07
GothamChess,Classical,19,1582,2013-05-14
GothamChess,Classical,20,1603,2013-05-21
GothamChess,Classical,21,1581,2013-05-28
GothamChess,Classical,22,1573,2013-06-04
GothamChess,Classical,23,1570,2013-06-11
GothamChess,Classical,24,1552,2013-06-18
GothamChess,Classical,25,1564,2013-06-25
GothamChess,Classical,26,1556,2013-07-02
GothamChess,Classical,27,1576,2013-07-09
GothamChess,Classical,28,1579,2013-07-16
GothamChess,Classical,29,1591,2013-07-23
GothamChess,Classical,30,1615,2013-07-30
GothamChess,Classical,31,1621,2013-08-06
GothamChess,Classical,32,1638,2013-08-13
GothamChess,Classical,33,1643,2013-08-20
GothamChess,Classical,34,1621,2013-08-27
GothamChess,Classical,35,1623,2013-09-03
GothamChess,Classical,36,1635,2013-09-10
GothamChess,Classical,37,1644,2013-09-17
GothamChess,Classical,38,1642,2013-09-24
GothamChess,Classical,39,1625,2013-10-01
GothamChess,Classical,40,1636,2013-10-08
GothamChess,Classical,41,1624,2013-10-15
GothamChess,Classical,42,1606,2013-10-22
GothamChess,Classical,43,1616,2013-10-29
GothamChess,Classical,44,1599,2013-11-05
GothamChess,Classical,45,1604,2013-11-12
GothamChess,Classical,46,1606,2013-11-19
GothamChess,Classical,47,1587,2013-11-26
GothamChess,Classical,48,1606,2013-12-03
GothamChess,Classical,49,1598,2013-12-10
GothamChess,Classical,50,1618,2013-12-17
GothamChess,Classical,51,1612,2013-12-24
GothamChess,Classical,52,1604,2013-12-31
GothamChess,Classical,53,1605,2014-01-07
GothamChess,Classical,54,1601,2014-01-14
GothamChess,Classical,55,1597,2014-01-21
GothamChess,Classical,56,1585,2014-01-28
GothamChess,Classical,57,1568,2014-02-04
GothamChess,Classical,58,1579,2014-02-11
GothamChess,Classical,59,1568,2014-02-18
GothamChess,Classical,60,1549,2014-02-25
GothamChess,Classical,61,1542,2014-03-04
GothamChess,Classical,62,1531,2014-03-11
GothamChess,Classical,63,1500,2014-03-18
GothamChess,Classical,64,1497,2014-03-25
GothamChess,Classical,65,1501,2014-04-01
Anna_Chess,Blitz,1,1618,2013-01-08
Anna_Chess,Blitz,2,1612,2013-01-15
Anna_Chess,Blitz,3,1601,2013-01-22
Anna_Chess,Blitz,4,1609,2013-01-29
Anna_Chess,Blitz,5,1607,2013-02-05
Anna_Chess,Blitz,6,1602,2013-02-12
Anna_Chess,Blitz,7,1595,2013-02-19
Anna_Chess,Blitz,8,1595,2013-02-26
Anna_Chess,Blitz,9,1572,2013-03-05
Anna_Chess,Blitz,10,1588,2013-03-12
Anna_Chess,Blitz,11,1587,2013-03-19
Anna_Chess,Blitz,12,1600,2013-03-26
Anna_Chess,Blitz,13,1633,2013-04-02
Anna_Chess,Blitz,14,1621,2013-04-09
Anna_Chess,Blitz,15,1639,2013-04-16
Anna_Chess,Blitz,16,1660,2013-04-23
Anna_Chess,Blitz,17,1675,2013-04-30
Anna_Chess,Blitz,18,1683,2013-05-07
Anna_Chess,Blitz,19,1710,2013-05-14
Anna_Chess,Blitz,20,1704,2013-05-21
Anna_Chess,Blitz,21,1694,2013-05-28
Anna_Chess,Blitz,22,1699,2013-06-04
Anna_Chess,Blitz,23,1704,2013-06-11
Anna_Chess,Blitz,24,1723,2013-06-18
Anna_Chess,Blitz,25,1741,2013-06-25
Anna_Chess,Blitz,26,1745,2013-07-02
Anna_Chess,Blitz,27,1742,2013-07-09
Anna_Chess,Blitz,28,1767,2013-07-16
Anna_Chess,Blitz,29,1738,2013-07-23
Anna_Chess,Blitz,30,1728,2013-07-30
Anna_Chess,Blitz,31,1736,2013-08-06
Anna_Chess,Blitz,32,1719,2013-08-13
Anna_Chess,Blitz,33,1725,2013-08-20
Anna_Chess,Blitz,34,1715,2013-08-27
Anna_Chess,Blitz,35,1709,2013-09-03
Anna_Chess,Blitz,36,1699,2013-09-10
Anna_Chess,Blitz,37,1715,2013-09-17
Anna_Chess,Blitz,38,1714,2013-09-24
Anna_Chess,Blitz,39,1709,2013-10-01
Anna_Chess,Blitz,40,1721,2013-10-08
Anna_Chess,Blitz,41,1759,2013-10-15
Anna_Chess,Blitz,42,1761,2013-10-22
Anna_Chess,Blitz,43,1764,2013-10-29
Anna_Chess,Blitz,44,1791,2013-11-05
Anna_Chess,Blitz,45,1795,2013-11-12
Anna_Chess,Blitz,46,1782,2013-11-19
Anna_Chess,Blitz,47,1782,2013-11-26
Anna_Chess,Blitz,48,1789,2013-12-03
Anna_Chess,Blitz,49,1799,2013-12-10
Anna_Chess,Blitz,50,1784,2013-12-17
Anna_Chess,Blitz,51,1811,2013-12-24
Anna_Chess,Blitz,52,1833,2013-12-31
Anna_Chess,Blitz,53,1842,2014-01-07
Anna_Chess,Blitz,54,1835,2014-01-14
Anna_Chess,Rapid,1,1722,2013-01-08
Anna_Chess,Rapid,2,1728,2013-01-15
Anna_Chess,Rapid,3,1747,2013-01-22
Anna_Chess,Rapid,4,1749,2013-01-29
Anna_Chess,Rapid,5,1751,2013-02-05
Anna_Chess,Rapid,6,1760,2013-02-12
Anna_Chess,Rapid,7,1759,2013-02-19
Anna_Chess,Rapid,8,1757,2013-02-26
Anna_Chess,Rapid,9,1759,2013-03-05
Anna_Chess,Rapid,10,1769,2013-03-12
Anna_Chess,Rapid,11,1762,2013-03-19
Anna_Chess,Rapid,12,1754,2013-03-26
Anna_Chess,Rapid,13,1741,2013-04-02
Anna_Chess,Rapid,14,1726,2013-04-09
Anna_Chess,Rapid,15,1731,2013-04-16
Anna_Chess,Rapid,16,1753,2013-04-23
Anna_Chess,Rapid,17,1738,2013-04-30
Anna_Chess,Rapid,18,1735,2013-05-07
Anna_Chess,Rapid,19,1719,2013-05-14
Anna_Chess,Rapid,20,1732,2013-05-21
Anna_Chess,Rapid,21,1727,2013-05-28
Anna_Chess,Rapid,22,1729,2013-06-04
Anna_Chess,Rapid,23,1734,2013-06-11
Anna_Chess,Rapid,24,1718,2013-06-18
Anna_Chess,Rapid,25,1715,2013-06-25
Anna_Chess,Rapid,26,1712,2013-07-02
Anna_Chess,Rapid,27,1721,2013-07-09
Anna_Chess,Rapid,28,1702,2013-07-16
Anna_Chess,Rapid,29,1684,2013-07-23
Anna_Chess,Rapid,30,1695,2013-07-30
Anna_Chess,Rapid,31,1685,2013-08-06
Anna_Chess,Rapid,32,1675,2013-08-13
Anna_Chess,Rapid,33,1676,2013-08-20
Anna_Chess,Rapid,34,1671,2013-08-27
Anna_Chess,Rapid,35,1698,2013-09-03
Anna_Chess,Rapid,36,1702,2013-09-10
Anna_Chess,Rapid,37,1704,2013-09-17
Anna_Chess,Rapid,38,1717,2013-09-24
Anna_Chess,Rapid,39,1716,2013-10-01
Anna_Chess,Rapid,40,1716,2013-10-08
Anna_Chess,Rapid,41,1700,2013-10-15
Anna_Chess,Rapid,42,1665,2013-10-22
Anna_Chess,Rapid,43,1646,2013-10-29
Anna_Chess,Rapid,44,1647,2013-11-05
Anna_Chess,Rapid,45,1631,2013-11-12
Anna_Chess,Rapid,46,1641,2013-11-19
Anna_Chess,Rapid,47,1652,2013-11-26
Anna_Chess,Rapid,48,1654,2013-12-03
Anna_Chess,Rapid,49,1651,2013-12-10
Anna_Chess,Rapid,50,1630,2013-12-17
Anna_Chess,Rapid,51,1625,2013-12-24
Anna_Chess,Rapid,52,1617,2013-12-31
Anna_Chess,Rapid,53,1627,2014-01-07
Anna_Chess,Rapid,54,1646,2014-01-14
Anna_Chess,Rapid,55,1653,2014-01-21
Anna_Chess,Rapid,56,1636,2014-01-28
Anna_Chess,Rapid,57,1660,2014-02-04
Anna_Chess,Rapid,58,1675,2014-02-11
Anna_Chess,Rapid,59,1678,2014-02-18
Anna_Chess,Rapid,60,1644,2014-02-25
Anna_Chess,Rapid,61,1629,2014-03-04
Anna_Chess,Rapid,62,1628,2014-03-11
Anna_Chess,Rapid,63,1639,2014-03-18
Anna_Chess,Rapid,64,1621,2014-03-25
Anna_Chess,Rapid,65,1668,2014-04-01
Anna_Chess,Rapid,66,1629,2014-04-08
Anna_Chess,Bullet,1,1432,2013-01-08
Anna_Chess,Bullet,2,1428,2013-01-15
Anna_Chess,Bullet,3,1417,2013-01-22
Anna_Chess,Bullet,4,1412,2013-01-29
Anna_Chess,Bullet,5,1423,2013-02-05
Anna_Chess,Bullet,6,1409,2013-02-12
Anna_Chess,Bullet,7,1377,2013-02-19
Anna_Chess,Bullet,8,1378,2013-02-26
Anna_Chess,Bullet,9,1378,2013-03-05
Anna_Chess,Bullet,10,1377,2013-03-12
Anna_Chess,Bullet,11,1387,2013-03-19
Anna_Chess,Bullet,12,1386,2013-03-26
Anna_Chess,Bullet,13,1397,2013-04-02
Anna_Chess,Bullet,14,1367,2013-04-09
Anna_Chess,Bullet,15,1350,2013-04-16
Anna_Chess,Bullet,16,1354,2013-04-23
Anna_Chess,Bullet,17,1349,2013-04-30
Anna_Chess,Bullet,18,1362,2013-05-07
Anna_Chess,Bullet,19,1347,2013-05-14
Anna_Chess,Bullet,20,1357,2013-05-21
Anna_Chess,Bullet,21,1347,2013-05-28
Anna_Chess,Bullet,22,1330,2013-06-04
Anna_Chess,Bullet,23,1324,2013-06-11
Anna_Chess,Bullet,24,1324,2013-06-18
Anna_Chess,Bullet,25,1305,2013-06-25
Anna_Chess,Bullet,26,1294,2013-07-02
Anna_Chess,Bullet,27,1274,2013-07-09
Anna_Chess,Bullet,28,1289,2013-07-16
Anna_Chess,Bullet,29,1300,2013-07-23
Anna_Chess,Bullet,30,1284,2013-07-30
Anna_Chess,Bullet,31,1292,2013-08-06
Anna_Chess,Bullet,32,1287,2013-08-13
Anna_Chess,Bullet,33,1270,2013-08-20
Anna_Chess,Bullet,34,1276,2013-08-27
Anna_Chess,Bullet,35,1271,2013-09-03
Anna_Chess,Bullet,36,1284,2013-09-10
Anna_Chess,Bullet,37,1280,2013-09-17
Anna_Chess,Bullet,38,1298,2013-09-24
Anna_Chess,Bullet,39,1289,2013-10-01
Anna_Chess,Bullet,40,1292,2013-10-08
Anna_Chess,Bullet,41,1297,2013-10-15
Anna_Chess,Bullet,42,1301,2013-10-22
Anna_Chess,Bullet,43,1304,2013-10-29
Anna_Chess,Bullet,44,1303,2013-11-05
Anna_Chess,Bullet,45,1301,2013-11-12
Anna_Chess,Bullet,46,1321,2013-11-19
Anna_Chess,Bullet,47,1335,2013-11-26
Anna_Chess,Bullet,48,1325,2013-12-03
Anna_Chess,Bullet,49,1345,2013-12-10
Anna_Chess,Bullet,50,1347,2013-12-17
Anna_Chess,Bullet,51,1337,2013-12-24
Anna_Chess,Bullet,52,1339,2013-12-31
Anna_Chess,Bullet,53,1336,2014-01-07
Anna_Chess,Bullet,54,1337,2014-01-14
Anna_Chess,Bullet,55,1322,2014-01-21
Anna_Chess,Bullet,56,1310,2014-01-28
Anna_Chess,Bullet,57,1330,2014-02-04
Anna_Chess,Bullet,58,1344,2014-02-11
Anna_Chess,Bullet,59,1330,2014-02-18
Anna_Chess,Bullet,60,1316,2014-02-25
Anna_Chess,Bullet,61,1341,2014-03-04
Anna_Chess,Bullet,62,1370,2014-03-11
Anna_Chess,Bullet,63,1358,2014-03-18
Anna_Chess,Bullet,64,1338,2014-03-25
Anna_Chess,Bullet,65,1376,2014-04-01
Anna_Chess,Bullet,66,1379,2014-04-08
Anna_Chess,Bullet,67,1382,2014-04-15
Anna_Chess,Bullet,68,1383,2014-04-22
Anna_Chess,Bullet,69,1403,2014-04-29
Anna_Chess,Bullet,70,1400,2014-05-06
Anna_Chess,Bullet,71,1421,2014-05-13
Anna_Chess,Bullet,72,1418,2014-05-20
Anna_Chess,Bullet,73,1425,2014-05-27
Anna_Chess,Bullet,74,1409,2014-06-03
Anna_Chess,Bullet,75,1411,2014-06-10
Anna_Chess,Classical,1,1547,2013-01-08
Anna_Chess,Classical,2,1546,2013-01-15
Anna_Chess,Classical,3,1566,2013-01-22
Anna_Chess,Classical,4,1609,2013-01-29
Anna_Chess,Classical,5,1624,2013-02-05
Anna_Chess,Classical,6,1622,2013-02-12
Anna_Chess,Classical,7,1625,2013-02-19
Anna_Chess,Classical,8,1619,2013-02-26
Anna_Chess,Classical,9,1653,2013-03-05
Anna_Chess,Classical,10,1610,2013-03-12
Anna_Chess,Classical,11,1613,2013-03-19
Anna_Chess,Classical,12,1616,2013-03-26
Anna_Chess,Classical,13,1621,2013-04-02
Anna_Chess,Classical,14,1599,2013-04-09
Anna_Chess,Classical,15,1603,2013-04-16
Anna_Chess,Classical,16,1607,2013-04-23
Anna_Chess,Classical,17,1628,2013-04-30
Anna_Chess,Classical,18,1637,2013-05-07
Anna_Chess,Classical,19,1655,2013-05-14
Anna_Chess,Classical,20,1642,2013-05-21
Anna_Chess,Classical,21,1641,2013-05-28
Anna_Chess,Classical,22,1645,2013-06-04
Anna_Chess,Classical,23,1651,2013-06-11
Anna_Chess,Classical,24,1642,2013-06-18
Anna_Chess,Classical,25,1665,2013-06-25
Anna_Chess,Classical,26,1658,2013-07-02
Anna_Chess,Classical,27,1635,2013-07-09
Anna_Chess,Classical,28,1642,2013-07-16
Anna_Chess,Classical,29,1653,2013-07-23
Anna_Chess,Classical,30,1669,2013-07-30
Anna_Chess,Classical,31,1656,2013-08-06
Anna_Chess,Classical,32,1654,2013-08-13
Anna_Chess,Classical,33,1635,2013-08-20
Anna_Chess,Classical,34,1649,2013-08-27
Anna_Chess,Classical,35,1656,2013-09-03
Anna_Chess,Classical,36,1671,2013-09-10
Anna_Chess,Classical,37,1681,2013-09-17
Anna_Chess,Classical,38,1673,2013-09-24
Anna_Chess,Classical,39,1677,2013-10-01
Anna_Chess,Classical,40,1650,2013-10-08
Anna_Chess,Classical,41,1659,2013-10-15
Anna_Chess,Classical,42,1675,2013-10-22
Anna_Chess,Classical,43,1663,2013-10-29
Anna_Chess,Classical,44,1632,2013-11-05
Anna_Chess,Classical,45,1611,2013-11-12
Anna_Chess,Classical,46,1596,2013-11-19
Anna_Chess,Classical,47,1616,2013-11-26
Anna_Chess,Classical,48,1617,2013-12-03
Anna_Chess,Classical,49,1600,2013-12-10
ChessNetwork,Blitz,1,1436,2013-01-08
ChessNetwork,Blitz,2,1426,2013-01-15
ChessNetwork,Blitz,3,1419,2013-01-22
ChessNetwork,Blitz,4,1404,2013-01-29
ChessNetwork,Blitz,5,1375,2013-02-05
ChessNetwork,Blitz,6,1389,2013-02-12
ChessNetwork,Blitz,7,1393,2013-02-19
ChessNetwork,Blitz,8,1415,2013-02-26
ChessNetwork,Blitz,9,1416,2013-03-05
ChessNetwork,Blitz,10,1450,2013-03-12
ChessNetwork,Blitz,11,1439,2013-03-19
ChessNetwork,Blitz,12,1434,2013-03-26
ChessNetwork,Blitz,13,1417,2013-04-02
ChessNetwork,Blitz,14,1436,2013-04-09
ChessNetwork,Blitz,15,1437,2013-04-16
ChessNetwork,Blitz,16,1459,2013-04-23
ChessNetwork,Blitz,17,1455,2013-04-30
ChessNetwork,Blitz,18,1472,2013-05-07
ChessNetwork,Blitz,19,1496,2013-05-14
ChessNetwork,Blitz,20,1480,2013-05-21
ChessNetwork,Blitz,21,1464,2013-05-28
ChessNetwork,Blitz,22,1470,2013-06-04
ChessNetwork,Blitz,23,1467,2013-06-11
ChessNetwork,Blitz,24,1471,2013-06-18
ChessNetwork,Blitz,25,1473,2013-06-25
ChessNetwork,Blitz,26,1467,2013-07-02
ChessNetwork,Blitz,27,1449,2013-07-09
ChessNetwork,Blitz,28,1434,2013-07-16
ChessNetwork,Blitz,29,1410,2013-07-23
ChessNetwork,Blitz,30,1410,2013-07-30
ChessNetwork,Blitz,31,1418,2013-08-06
ChessNetwork,Blitz,32,1435,2013-08-13
ChessNetwork,Blitz,33,1424,2013-08-20
ChessNetwork,Blitz,34,1434,2013-08-27
ChessNetwork,Blitz,35,1413,2013-09-03
ChessNetwork,Blitz,36,1405,2013-09-10
ChessNetwork,Blitz,37,1410,2013-09-17
ChessNetwork,Blitz,38,1387,2013-09-24
ChessNetwork,Blitz,39,1395,2013-10-01
ChessNetwork,Blitz,40,1388,2013-10-08
ChessNetwork,Blitz,41,1377,2013-10-15
ChessNetwork,Blitz,42,1363,2013-10-22
ChessNetwork,Blitz,43,1363,2013-10-29
ChessNetwork,Blitz,44,1367,2013-11-05
ChessNetwork,Blitz,45,1374,2013-11-12
ChessNetwork,Blitz,46,1358,2013-11-19
ChessNetwork,Blitz,47,1348,2013-11-26
ChessNetwork,Blitz,48,1338,2013-12-03
ChessNetwork,Blitz,49,1347,2013-12-10
ChessNetwork,Blitz,50,1356,2013-12-17
ChessNetwork,Blitz,51,1387,2013-12-24
ChessNetwork,Blitz,52,1398,2013-12-31
ChessNetwork,Blitz,53,1388,2014-01-07
ChessNetwork,Blitz,54,1376,2014-01-14
ChessNetwork,Blitz,55,1401,2014-01-21
ChessNetwork,Rapid,1,1465,2013-01-08
ChessNetwork,Rapid,2,1485,2013-01-15
ChessNetwork,Rapid,3,1495,2013-01-22
ChessNetwork,Rapid,4,1512,2013-01-29
ChessNetwork,Rapid,5,1508,2013-02-05
ChessNetwork,Rapid,6,1492,2013-02-12
ChessNetwork,Rapid,7,1500,2013-02-19
ChessNetwork,Rapid,8,1513,2013-02-26
ChessNetwork,Rapid,9,1521,2013-03-05
ChessNetwork,Rapid,10,1547,2013-03-12
ChessNetwork,Rapid,11,1550,2013-03-19
ChessNetwork,Rapid,12,1534,2013-03-26
ChessNetwork,Rapid,13,1543,2013-04-02
ChessNetwork,Rapid,14,1541,2013-04-09
ChessNetwork,Rapid,15,1558,2013-04-16
ChessNetwork,Rapid,16,1550,2013-04-23
ChessNetwork,Rapid,17,1540,2013-04-30
ChessNetwork,Rapid,18,1518,2013-05-07
ChessNetwork,Rapid,19,1500,2013-05-14
ChessNetwork,Rapid,20,1484,2013-05-21
ChessNetwork,Rapid,21,1450,2013-05-28
ChessNetwork,Rapid,22,1462,2013-06-04
ChessNetwork,Rapid,23,1474,2013-06-11
ChessNetwork,Rapid,24,1461,2013-06-18
ChessNetwork,Rapid,25,1460,2013-06-25
ChessNetwork,Rapid,26,1468,2013-07-02
ChessNetwork,Rapid,27,1482,2013-07-09
ChessNetwork,Rapid,28,1490,2013-07-16
ChessNetwork,Rapid,29,1497,2013-07-23
ChessNetwork,Rapid,30,1502,2013-07-30
ChessNetwork,Rapid,31,1487,2013-08-06
ChessNetwork,Rapid,32,1491,2013-08-13
ChessNetwork,Rapid,33,1508,2013-08-20
ChessNetwork,Rapid,34,1499,2013-08-27
ChessNetwork,Rapid,35,1515,2013-09-03
ChessNetwork,Rapid,36,1524,2013-09-10
ChessNetwork,Rapid,37,1528,2013-09-17
ChessNetwork,Rapid,38,1529,2013-09-24
ChessNetwork,Rapid,39,1557,2013-10-01
ChessNetwork,Rapid,40,1559,2013-10-08
ChessNetwork,Rapid,41,1550,2013-10-15
ChessNetwork,Rapid,42,1557,2013-10-22
ChessNetwork,Rapid,43,1550,2013-10-29
ChessNetwork,Rapid,44,1540,2013-11-05
ChessNetwork,Rapid,45,1512,2013-11-12
ChessNetwork,Rapid,46,1518,2013-11-19
ChessNetwork,Rapid,47,1513,2013-11-26
ChessNetwork,Rapid,48,1525,2013-12-03
ChessNetwork,Rapid,49,1515,2013-12-10
ChessNetwork,Rapid,50,1516,2013-12-17
ChessNetwork,Rapid,51,1515,2013-12-24
ChessNetwork,Rapid,52,1521,2013-12-31
ChessNetwork,Rapid,53,1514,2014-01-07
ChessNetwork,Rapid,54,1531,2014-01-14
ChessNetwork,Rapid,55,1532,2014-01-21
ChessNetwork,Rapid,56,1563,2014-01-28
ChessNetwork,Rapid,57,1603,2014-02-04
ChessNetwork,Rapid,58,1615,2014-02-11
ChessNetwork,Rapid,59,1603,2014-02-18
ChessNetwork,Rapid,60,1603,2014-02-25
ChessNetwork,Rapid,61,1598,2014-03-04
ChessNetwork,Rapid,62,1621,2014-03-11
ChessNetwork,Rapid,63,1643,2014-03-18
ChessNetwork,Rapid,64,1637,2014-03-25
ChessNetwork,Rapid,65,1637,2014-04-01
ChessNetwork,Rapid,66,1622,2014-04-08
ChessNetwork,Rapid,67,1636,2014-04-15
ChessNetwork,Rapid,68,1646,2014-04-22
ChessNetwork,Rapid,69,1666,2014-04-29
ChessNetwork,Rapid,70,1651,2014-05-06
ChessNetwork,Rapid,71,1657,2014-05-13
ChessNetwork,Rapid,72,1651,2014-05-20
ChessNetwork,Rapid,73,1666,2014-05-27
ChessNetwork,Rapid,74,1687,2014-06-03
ChessNetwork,Rapid,75,1675,2014-06-10
ChessNetwork,Rapid,76,1683,2014-06-17
ChessNetwork,Rapid,77,1668,2014-06-24
ChessNetwork,Rapid,78,1677,2014-07-01
ChessNetwork,Rapid,79,1658,2014-07-08
ChessNetwork,Bullet,1,1462,2013-01-08
ChessNetwork,Bullet,2,1497,2013-01-15
ChessNetwork,Bullet,3,1512,2013-01-22
ChessNetwork,Bullet,4,1512,2013-01-29
ChessNetwork,Bullet,5,1523,2013-02-05
ChessNetwork,Bullet,6,1512,2013-02-12
ChessNetwork,Bullet,7,1490,2013-02-19
ChessNetwork,Bullet,8,1496,2013-02-26
ChessNetwork,Bullet,9,1459,2013-03-05
ChessNetwork,Bullet,10,1447,2013-03-12
ChessNetwork,Bullet,11,1444,2013-03-19
ChessNetwork,Bullet,12,1464,2013-03-26
ChessNetwork,Bullet,13,1479,2013-04-02
ChessNetwork,Bullet,14,1492,2013-04-09
ChessNetwork,Bullet,15,1482,2013-04-16
ChessNetwork,Bullet,16,1502,2013-04-23
ChessNetwork,Bullet,17,1500,2013-04-30
ChessNetwork,Bullet,18,1525,2013-05-07
ChessNetwork,Bullet,19,1506,2013-05-14
ChessNetwork,Bullet,20,1502,2013-05-21
ChessNetwork,Bullet,21,1503,2013-05-28
ChessNetwork,Bullet,22,1513,2013-06-04
ChessNetwork,Bullet,23,1507,2013-06-11
ChessNetwork,Bullet,24,1515,2013-06-18
ChessNetwork,Bullet,25,1485,2013-06-25
ChessNetwork,Bullet,26,1480,2013-07-02
ChessNetwork,Bullet,27,1475,2013-07-09
ChessNetwork,Bullet,28,1480,2013-07-16
ChessNetwork,Bullet,29,1471,2013-07-23
ChessNetwork,Bullet,30,1455,2013-07-30
ChessNetwork,Bullet,31,1458,2013-08-06
ChessNetwork,Bullet,32,1462,2013-08-13
ChessNetwork,Bullet,33,1445,2013-08-20
ChessNetwork,Bullet,34,1428,2013-08-27
ChessNetwork,Bullet,35,1425,2013-09-03
ChessNetwork,Bullet,36,1426,2013-09-10
ChessNetwork,Bullet,37,1442,2013-09-17
ChessNetwork,Bullet,38,1449,2013-09-24
ChessNetwork,Bullet,39,1475,2013-10-01
ChessNetwork,Bullet,40,1480,2013-10-08
ChessNetwork,Bullet,41,1501,2013-10-15
ChessNetwork,Bullet,42,1480,2013-10-22
ChessNetwork,Bullet,43,1467,2013-10-29
ChessNetwork,Bullet,44,1453,2013-11-05
ChessNetwork,Bullet,45,1428,2013-11-12
ChessNetwork,Bullet,46,1434,2013-11-19
ChessNetwork,Bullet,47,1405,2013-11-26
ChessNetwork,Bullet,48,1419,2013-12-03
ChessNetwork,Bullet,49,1422,2013-12-10
ChessNetwork,Bullet,50,1429,2013-12-17
ChessNetwork,Bullet,51,1433,2013-12-24
ChessNetwork,Bullet,52,1457,2013-12-31
ChessNetwork,Bullet,53,1463,2014-01-07
ChessNetwork,Bullet,54,1471,2014-01-14
ChessNetwork,Bullet,55,1445,2014-01-21
ChessNetwork,Bullet,56,1459,2014-01-28
ChessNetwork,Bullet,57,1456,2014-02-04
ChessNetwork,Bullet,58,1427,2014-02-11
ChessNetwork,Bullet,59,1431,2014-02-18
ChessNetwork,Bullet,60,1436,2014-02-25
ChessNetwork,Bullet,61,1447,2014-03-04
ChessNetwork,Bullet,62,1457,2014-03-11
ChessNetwork,Bullet,63,1467,2014-03-18
ChessNetwork,Bullet,64,1498,2014-03-25
ChessNetwork,Bullet,65,1523,2014-04-01
ChessNetwork,Bullet,66,1527,2014-04-08
ChessNetwork,Bullet,67,1526,2014-04-15
ChessNetwork,Bullet,68,1516,2014-04-22
ChessNetwork,Bullet,69,1532,2014-04-29
ChessNetwork,Bullet,70,1520,2014-05-06
ChessNetwork,Bullet,71,1519,2014-05-13
ChessNetwork,Bullet,72,1536,2014-05-20
ChessNetwork,Bullet,73,1535,2014-05-27
ChessNetwork,Bullet,74,1543,2014-06-03
ChessNetwork,Bullet,75,1571,2014-06-10
ChessNetwork,Bullet,76,1603,2014-06-17
ChessNetwork,Classical,1,1527,2013-01-08
ChessNetwork,Classical,2,1556,2013-01-15
ChessNetwork,Classical,3,1545,2013-01-22
ChessNetwork,Classical,4,1543,2013-01-29
ChessNetwork,Classical,5,1580,2013-02-05
ChessNetwork,Classical,6,1595,2013-02-12
ChessNetwork,Classical,7,1610,2013-02-19
ChessNetwork,Classical,8,1631,2013-02-26
ChessNetwork,Classical,9,1644,2013-03-05
ChessNetwork,Classical,10,1671,2013-03-12
ChessNetwork,Classical,11,1663,2013-03-19
ChessNetwork,Classical,12,1659,2013-03-26
ChessNetwork,Classical,13,1653,2013-04-02
ChessNetwork,Classical,14,1647,2013-04-09
ChessNetwork,Classical,15,1646,2013-04-16
ChessNetwork,Classical,16,1673,2013-04-23
ChessNetwork,Classical,17,1661,2013-04-30
ChessNetwork,Classical,18,1670,2013-05-07
ChessNetwork,Classical,19,1700,2013-05-14
ChessNetwork,Classical,20,1675,2013-05-21
ChessNetwork,Classical,21,1690,2013-05-28
ChessNetwork,Classical,22,1677,2013-06-04
ChessNetwork,Classical,23,1700,2013-06-11
ChessNetwork,Classical,24,1714,2013-06-18
ChessNetwork,Classical,25,1722,2013-06-25
ChessNetwork,Classical,26,1722,2013-07-02
ChessNetwork,Classical,27,1697,2013-07-09
ChessNetwork,Classical,28,1685,2013-07-16
ChessNetwork,Classical,29,1675,2013-07-23
ChessNetwork,Classical,30,1695,2013-07-30
ChessNetwork,Classical,31,1694,2013-08-06
ChessNetwork,Classical,32,1693,2013-08-13
