user,avg_rating,min_rating,max_rating,rating_volatility,avg_rating_change,win_rate,total_games,pct_bullet,pct_blitz,pct_rapid,pct_classical,first_game,last_game,days_active,rating_tier,activity_level,preferred_time_control
Ediz_Gurel,3379.5,3370,3390,6.5,-0.67,0.8,15,1,0,0,0,2025-10-15T12:32:53Z,2025-10-15T15:00:34Z,0.1025508680553348,Expert,Medium,Bullet
ARM-777777,3301.9,3064,3329,66,1.4,0.867,15,0.933,0.067,0,0,2025-09-29T21:00:12Z,2025-10-14T18:31:32Z,14.896755567129564,Expert,Medium,Bullet
SindarovGM,3250.7,3237,3261,7.2,1.8,0.9,15,1,0,0,0,2025-10-06T15:23:09Z,2025-10-10T19:50:54Z,4.185938460647508,Expert,Medium,Bullet
MahammadMuradli2003,3236.6,3216,3250,10.1,2,0.9,15,1,0,0,0,2025-10-14T12:08:16Z,2025-10-14T12:48:04Z,0.027631967592018622,Expert,Medium,Bullet
Heisenberg01,3198.1,3192,3204,3.5,-0.07,0.733,15,1,0,0,0,2025-10-13T21:43:04Z,2025-10-15T09:36:54Z,1.4957141666666225,Expert,Medium,Bullet
Jaggust01,3196.1,3184,3205,7.4,0.8,0.567,15,1,0,0,0,2025-08-05T22:49:55Z,2025-10-10T15:39:12Z,65.7008869444441,Expert,Medium,Bullet
chess-art-us,3186.4,3178,3196,5.4,0.07,0.833,15,1,0,0,0,2025-10-13T17:32:16Z,2025-10-14T20:20:10Z,1.1165959374992935,Expert,Medium,Bullet
BackToJune,3185.4,3173,3196,5.8,-1,0.7,15,1,0,0,0,2025-10-16T04:35:25Z,2025-10-16T04:59:04Z,0.01643168981704447,Expert,Medium,Bullet
Chess_Grizzle_7233,3173,3115,3200,24.6,4.27,0.733,15,1,0,0,0,2025-10-09T15:54:12Z,2025-10-09T16:22:09Z,0.0194077546287466,Expert,Medium,Bullet
Crecent,3171.7,3162,3179,5.3,-1,0.667,15,1,0,0,0,2025-07-15T15:43:49Z,2025-10-10T02:58:56Z,86.46883444444448,Expert,Medium,Bullet
Aqua_Blazing,3171.1,2999,3324,160.9,1.2,0.867,15,0.533,0.467,0,0,2025-09-02T21:38:29Z,2025-09-05T14:52:01Z,2.7177272685203286,Expert,Medium,Bullet
Dotorkal,3169,3153,3182,9.2,0.67,0.833,15,1,0,0,0,2025-09-28T11:38:38Z,2025-10-11T12:10:31Z,13.022135335648501,Expert,Medium,Bullet
indianstar,3161.7,3150,3175,7,-1,0.467,15,1,0,0,0,2025-10-15T23:01:22Z,2025-10-16T02:48:13Z,0.1575306828706353,Expert,Medium,Bullet
gmadham,3158.5,3143,3168,8.3,-1,0.667,15,1,0,0,0,2025-10-16T00:35:10Z,2025-10-16T01:11:18Z,0.02509413194325235,Expert,Medium,Bullet
Big_Boom007,3150.9,3142,3158,4.3,-0.73,0.8,15,1,0,0,0,2025-10-06T18:55:13Z,2025-10-09T19:37:04Z,3.029056331018607,Expert,Medium,Bullet
BabaRamdev,3150.2,3139,3158,5.5,0.07,0.7,15,1,0,0,0,2025-10-01T23:34:47Z,2025-10-11T23:56:53Z,10.015344571758199,Expert,Medium,Bullet
wizard98,3139.1,3124,3156,10.5,-0.73,0.667,15,1,0,0,0,2025-10-08T06:26:32Z,2025-10-15T17:42:33Z,7.469456793983225,Expert,Medium,Bullet
RakitinD,3130.1,3117,3146,10.8,-2.4,0.7,15,1,0,0,0,2025-10-15T15:01:05Z,2025-10-15T15:18:38Z,0.012189212962985039,Expert,Medium,Bullet
schoberstein,3126,3109,3139,9.5,1.47,0.8,15,1,0,0,0,2025-10-11T15:46:51Z,2025-10-15T10:07:44Z,3.764496967593829,Expert,Medium,Bullet
delta_horsey,3124.8,2957,3239,117.6,5.4,0.867,15,0.667,0.333,0,0,2025-10-16T02:01:26Z,2025-10-16T02:56:14Z,0.03806181712834923,Expert,Medium,Bullet
ManuDavid2910,3121.8,3110,3129,5.5,0.53,0.7,15,1,0,0,0,2025-10-14T16:48:48Z,2025-10-16T00:38:23Z,1.3261003472214496,Expert,Medium,Bullet
BMWHero,3118.4,3095,3142,12.9,0.33,0.733,15,1,0,0,0,2025-10-03T14:17:04Z,2025-10-14T14:29:17Z,11.008479444442523,Expert,Medium,Bullet
Aronyak1,3112.5,3097,3125,8.1,-1.2,0.633,15,1,0,0,0,2025-10-15T16:51:43Z,2025-10-15T19:47:08Z,0.1218245601847216,Expert,Medium,Bullet
Zhigalko_Sergei,3110.9,2792,3205,163.8,2.93,1,15,0.8,0.2,0,0,2025-10-13T23:00:53Z,2025-10-15T00:04:22Z,1.0440818981467574,Expert,Medium,Bullet
dmitrij_IM,3108.9,3102,3115,3.8,1.13,0.8,15,1,0,0,0,2025-09-25T17:59:07Z,2025-10-15T11:06:51Z,19.713696689812675,Expert,Medium,Bullet
sportik_shark,3108.3,3090,3123,8.9,1,0.8,15,1,0,0,0,2025-10-13T14:25:26Z,2025-10-15T14:34:17Z,2.006150011572021,Expert,Medium,Bullet
DONOTREDEEM,3099.9,3092,3108,5,-0.73,0.633,15,1,0,0,0,2025-10-13T18:33:21Z,2025-10-13T19:27:56Z,0.037902743057520304,Expert,Medium,Bullet
dauANHbac,3099.8,2885,3169,107.7,3.2,0.833,15,0.8,0.2,0,0,2025-10-07T13:39:38Z,2025-10-10T14:03:19Z,3.016452476851366,Expert,Medium,Bullet
ABachmann,3098.9,3088,3112,7,0.67,0.7,15,1,0,0,0,2025-10-02T02:55:02Z,2025-10-15T20:20:11Z,13.725793680554187,Expert,Medium,Bullet
Crush09,3098.2,3072,3113,13.7,-1.87,0.467,15,1,0,0,0,2025-10-15T00:04:41Z,2025-10-15T19:09:08Z,0.7947562731471327,Expert,Medium,Bullet
woshigeshagua,3092.6,2840,3131,70.4,-1.6,0.533,15,0.933,0.067,0,0,2025-10-05T08:08:55Z,2025-10-12T08:49:49Z,7.02840866898221,Expert,Medium,Bullet
Mlchael,3089.1,3075,3105,8.9,1.73,0.7,15,1,0,0,0,2025-10-03T06:23:30Z,2025-10-13T03:48:58Z,9.892682187499272,Expert,Medium,Bullet
Firephoenix05,3086.4,3052,3106,15.2,-0.6,0.667,15,1,0,0,0,2025-09-14T05:39:05Z,2025-10-15T10:54:42Z,31.219177488425263,Expert,Medium,Bullet
SIDDHARTH_CHESS,3084.9,3069,3101,8.9,-1.27,0.533,15,1,0,0,0,2025-10-16T01:05:57Z,2025-10-16T01:19:25Z,0.00936160879554572,Expert,Medium,Bullet
ArtemChessRU,3083.7,3066,3101,9.8,-0.73,0.5,15,1,0,0,0,2025-10-11T20:04:07Z,2025-10-12T11:08:20Z,0.6279304398154771,Expert,Medium,Bullet
ARMJoker,3082.7,3056,3093,11.1,-2,0.267,15,1,0,0,0,2025-10-09T08:03:52Z,2025-10-15T09:49:40Z,6.073469328703704,Expert,Medium,Bullet
Saparmyrat,3082.4,2739,3113,95.1,0,0.6,15,0.933,0.067,0,0,2025-09-27T15:30:00Z,2025-10-14T04:18:15Z,16.53349991898018,Expert,Medium,Bullet
Tsoi_Dima,3078.1,2901,3130,89.7,0.53,0.6,15,0.8,0.2,0,0,2025-10-03T23:57:22Z,2025-10-11T00:17:38Z,7.014072118053834,Expert,Medium,Bullet
Eduiturri,3076.8,3054,3093,10.7,-0.67,0.6,15,1,0,0,0,2025-08-05T13:35:36Z,2025-10-12T20:27:21Z,68.28593861111061,Expert,Medium,Bullet
Mellow_Monster,3067.6,3052,3080,8.5,-1.13,0.567,15,1,0,0,0,2025-10-15T22:14:37Z,2025-10-16T00:20:25Z,0.08736756944545992,Expert,Medium,Bullet
Avaada_kedavra,3067.5,2903,3126,81.7,5.73,0.867,15,0.8,0.2,0,0,2025-08-25T22:40:53Z,2025-10-01T00:32:55Z,36.07780341435086,Expert,Medium,Bullet
ArysyaPiter,3066.3,3060,3080,5.2,-1.6,0.733,15,1,0,0,0,2025-10-15T16:16:45Z,2025-10-15T16:55:21Z,0.026803518517149818,Expert,Medium,Bullet
pressive,3058.2,2636,3106,117.5,3.33,0.867,15,0.933,0,0.067,0,2025-08-04T09:35:03Z,2025-08-12T11:51:00Z,8.094407476851785,Expert,Medium,Bullet
NeonAssassin777,3048.4,2113,3131,258.9,2.67,0.733,15,0.933,0,0.067,0,2025-10-10T23:21:55Z,2025-10-15T16:25:30Z,4.710817604167042,Expert,Medium,Bullet
BelBelTT,3048.3,3041,3061,5.6,1.33,0.467,15,1,0,0,0,2025-10-01T21:49:06Z,2025-10-13T08:50:14Z,11.459127835647928,Expert,Medium,Bullet
Kurald_Galain,3047.3,3047,3048,0.5,0.07,1,15,1,0,0,0,2025-10-15T07:20:49Z,2025-10-15T10:24:13Z,0.12736055555718917,Expert,Medium,Bullet
L04d1ng,3044.1,3031,3062,9,1.07,0.767,15,1,0,0,0,2025-10-15T16:16:18Z,2025-10-15T18:38:22Z,0.09865679398179054,Expert,Medium,Bullet
Dvinik63,3035.9,2539,3080,137.6,-3.27,0.6,15,0.933,0.067,0,0,2025-07-29T18:47:37Z,2025-10-15T13:56:53Z,77.7980932638877,Expert,Medium,Bullet
Arash-Tahbaz,3033.9,2757,3088,112.2,0.4,0.667,15,0.867,0.133,0,0,2025-10-10T17:50:18Z,2025-10-15T13:38:18Z,4.8250063657401885,Expert,Medium,Bullet
Dr_mARtIk,3031,3020,3040,5.9,-0.6,0.5,15,1,0,0,0,2025-10-15T20:25:01Z,2025-10-15T23:23:14Z,0.12375792824007846,Expert,Medium,Bullet
doughnut42,3022.5,3017,3027,2.8,0.27,0.933,15,1,0,0,0,2025-10-16T00:05:38Z,2025-10-16T00:21:26Z,0.010976608798459724,Expert,Medium,Bullet
Shant7777777,3013.5,2832,3216,189.6,2.4,0.933,15,0.467,0.533,0,0,2025-10-04T13:17:01Z,2025-10-14T18:16:40Z,10.208098194444622,Expert,Medium,Bullet
HomayooonT,3010.7,2833,3202,158.7,6.8,0.967,15,0.4,0.467,0.133,0,2025-09-28T22:42:13Z,2025-10-11T14:12:30Z,12.646037916668035,Expert,Medium,Blitz
Yakov25,2994,2989,2999,3.2,0.73,1,15,1,0,0,0,2025-02-23T06:44:48Z,2025-02-23T09:04:32Z,0.09703446759393922,Expert,Medium,Bullet
Kydravets-Mark19,2987.1,2972,2997,7.6,-1.67,0.367,15,1,0,0,0,2025-10-15T09:23:57Z,2025-10-15T17:06:37Z,0.32130274305465045,Expert,Medium,Bullet
aspiringstar,2969.7,2954,2982,8.5,2,0.967,15,0,1,0,0,2025-10-04T00:52:30Z,2025-10-15T23:55:33Z,11.960458333334989,Expert,Medium,Blitz
JustAHarmlessDuck,2968.8,2951,3000,15.9,3.8,0.667,15,1,0,0,0,2025-07-21T03:03:05Z,2025-10-13T18:25:54Z,84.6408446296277,Expert,Medium,Bullet
Turboplombir,2963.5,2681,3081,170.9,2.13,0.7,15,0.733,0.267,0,0,2025-10-11T21:02:38Z,2025-10-13T14:10:59Z,1.7141318402798087,Expert,Medium,Bullet
Parakon1,2963.3,2756,3180,203.8,1.33,0.767,15,0.467,0.533,0,0,2025-10-03T14:59:46Z,2025-10-12T20:10:52Z,9.216042106479959,Expert,Medium,Bullet
edgelorde,2960.4,2921,2998,21.1,1.47,0.833,15,1,0,0,0,2025-05-21T09:06:36Z,2025-06-21T06:15:03Z,30.88086240740838,Expert,Medium,Bullet
skilledassassin04,2955.2,2927,2987,19.8,-4.33,0.233,15,1,0,0,0,2025-10-14T17:39:15Z,2025-10-15T23:25:30Z,1.2404511342583984,Expert,Medium,Bullet
gefuehlter_FM,2947,2843,3067,108.6,1.67,0.867,15,0.467,0.533,0,0,2025-10-13T18:03:48Z,2025-10-15T10:31:15Z,1.685725428238511,Expert,Medium,Bullet
MereseBerserkNhi,2945.7,2936,2953,5.1,-1,0.333,15,1,0,0,0,2025-10-12T08:39:41Z,2025-10-15T10:20:58Z,3.0703342708310597,Expert,Medium,Bullet
Benbasat,2940.9,2675,3038,153.3,4.13,0.9,15,0.733,0.267,0,0,2025-10-15T10:40:01Z,2025-10-15T17:46:19Z,0.29604732638707865,Expert,Medium,Bullet
abudabi22840,2939.5,2934,2949,5,1.07,0.967,15,0,1,0,0,2025-10-12T16:23:17Z,2025-10-14T06:57:48Z,1.6072927893505051,Expert,Medium,Blitz
UnholyCrusade,2933.1,2913,2944,8.2,-2,0.433,15,1,0,0,0,2025-09-06T20:23:26Z,2025-09-06T20:38:23Z,0.010380219908224212,Expert,Medium,Bullet
MaximEvdo,2932.5,2928,2941,3.9,0.6,0.767,15,1,0,0,0,2025-10-14T13:41:39Z,2025-10-15T10:34:25Z,0.8699687615754428,Expert,Medium,Bullet
athena-pallada,2928.5,2918,2940,5.8,0.87,0.867,15,0,1,0,0,2025-10-14T16:21:52Z,2025-10-15T16:51:15Z,1.0204093171269806,Expert,Medium,Blitz
Zjm0312,2927.6,2784,3081,143.9,2.33,0.867,15,0.467,0.533,0,0,2025-10-14T03:10:11Z,2025-10-16T01:56:06Z,1.948557488427118,Expert,Medium,Bullet
Marek_Religa,2924.7,2912,2941,8,1.6,0.667,15,1,0,0,0,2025-10-15T18:11:03Z,2025-10-15T18:49:07Z,0.026437083333730696,Expert,Medium,Bullet
Brastrodamus,2922.4,2915,2929,4.3,0.53,0.533,15,1,0,0,0,2025-10-13T11:25:40Z,2025-10-13T13:11:19Z,0.0733711805553348,Expert,Medium,Bullet
impogthefunnyfrog,2913.5,2899,2932,9.8,1.73,0.833,15,1,0,0,0,2025-09-06T21:09:44Z,2025-10-08T02:22:49Z,31.21741870370452,Expert,Medium,Bullet
Best_player3,2912.7,2901,2926,7.8,1.27,0.667,15,1,0,0,0,2025-10-15T16:33:34Z,2025-10-15T17:08:48Z,0.024462361109477502,Expert,Medium,Bullet
RebeccaHarris,2912.7,2831,3207,151,0.07,0.633,15,0.2,0.8,0,0,2025-09-20T20:55:53Z,2025-10-11T19:38:53Z,20.946527974539332,Expert,Medium,Blitz
DrTigerTAD,2909,2902,2917,4,0.33,0.267,15,1,0,0,0,2025-10-15T21:44:07Z,2025-10-15T22:08:56Z,0.017227465278572506,Expert,Medium,Bullet
NightOFzero,2907.6,2590,2998,159.7,1.47,0.767,15,0.8,0,0.2,0,2025-10-12T16:00:19Z,2025-10-14T14:05:40Z,1.9203853009254843,Expert,Medium,Bullet
BenjiTheAce,2895.7,2877,2910,8.9,1.6,0.7,15,1,0,0,0,2025-10-01T11:16:17Z,2025-10-03T10:59:50Z,1.9885845370369928,Expert,Medium,Bullet
blitzbullet,2893.8,2880,2902,6.2,0,0.467,15,1,0,0,0,2025-10-13T18:00:42Z,2025-10-14T22:04:13Z,1.1691073611102722,Expert,Medium,Bullet
GRXbullet,2892.5,2879,2900,6.4,0.53,0.8,15,1,0,0,0,2023-04-05T04:22:41Z,2023-04-05T07:26:56Z,0.12794552083368654,Expert,Medium,Bullet
Lu_Shanglei,2891.1,2864,2911,13.4,2.33,0.833,15,0,1,0,0,2025-08-10T07:06:43Z,2025-10-15T15:46:50Z,66.36119325231347,Expert,Medium,Blitz
Krai458,2888.9,2879,2899,6.2,0.2,0.667,15,0,1,0,0,2025-10-10T09:41:33Z,2025-10-14T09:37:32Z,3.997202870371165,Expert,Medium,Blitz
Tulachessroom,2886,2642,2913,67.7,-0.4,0.4,15,0.933,0,0.067,0,2025-10-12T15:49:06Z,2025-10-13T19:40:55Z,1.160990439813446,Expert,Medium,Bullet
tacticthunder,2883.9,2719,3070,171.8,0.07,0.4,15,0.467,0.533,0,0,2025-10-11T20:36:21Z,2025-10-13T22:36:22Z,2.083346828705183,Expert,Medium,Bullet
Christened,2882.1,2870,2889,6.1,1.13,0.867,15,0,1,0,0,2025-10-13T01:10:45Z,2025-10-16T02:29:29Z,3.054677870370172,Expert,Medium,Blitz
Statham_13,2880.8,2856,2897,10.7,2.93,0.433,15,1,0,0,0,2025-10-15T14:50:34Z,2025-10-15T15:07:10Z,0.011528078703968613,Expert,Medium,Bullet
BrokyLoveKFC,2880.1,2786,2930,57.1,3,0.733,15,0.733,0.267,0,0,2025-10-12T01:59:35Z,2025-10-14T06:04:28Z,2.1700615393508365,Expert,Medium,Bullet
VeduChess,2879.5,2855,2897,13,2.93,0.867,15,1,0,0,0,2025-10-15T01:55:33Z,2025-10-16T03:10:36Z,1.052119884259171,Expert,Medium,Bullet
elconceto,2879.2,2850,3024,58.2,0.2,0.7,15,0.133,0.867,0,0,2025-10-13T17:30:06Z,2025-10-15T05:04:44Z,1.4823930902779103,Expert,Medium,Blitz
Speedrunner202,2874.1,2864,2883,5.1,-0.8,0.7,15,0,1,0,0,2025-10-14T21:14:38Z,2025-10-15T03:10:57Z,0.24744143518584746,Expert,Medium,Blitz
josevalencia0698,2873.8,2852,2893,13.3,-0.8,0.6,15,1,0,0,0,2025-10-15T14:58:06Z,2025-10-15T15:23:08Z,0.017386527778925718,Expert,Medium,Bullet
lovely_fella,2872.7,2826,2908,21.4,2.53,0.567,15,0.133,0.867,0,0,2025-10-08T15:46:03Z,2025-10-11T10:12:18Z,2.768232361111376,Expert,Medium,Blitz
LegacyOfBob,2870.5,2748,3127,132.3,3.47,0.6,15,0.2,0.8,0,0,2025-10-09T16:41:56Z,2025-10-14T22:45:10Z,5.2522503125005295,Expert,Medium,Blitz
mygoalis2700,2869.5,2642,3133,243.7,2.87,0.733,15,0.467,0.533,0,0,2025-10-13T19:39:43Z,2025-10-14T03:41:35Z,0.3346327083337086,Expert,Medium,Bullet
iwanttomakedraw,2868,2854,2888,10.3,1.13,0.767,15,0,1,0,0,2025-10-09T21:38:03Z,2025-10-14T19:36:39Z,4.9156908564821435,Expert,Medium,Blitz
FeegLood,2863.8,2858,2880,6.6,-1.67,0.8,15,0,1,0,0,2025-09-20T21:55:28Z,2025-10-09T19:29:23Z,18.89855065972165,Expert,Medium,Blitz
chessmaster2006,2863.4,2843,2886,14.3,2.27,0.767,15,0,1,0,0,2025-10-11T20:09:56Z,2025-10-11T20:57:55Z,0.033326712965413376,Expert,Medium,Blitz
Platy2,2861.2,2844,2885,12.8,0.93,0.567,15,0,1,0,0,2025-10-09T21:12:03Z,2025-10-10T20:33:43Z,0.9733783912024012,Expert,Medium,Blitz
MikeGScarn,2854.9,2797,2895,37.5,0.07,0.667,15,0.533,0.467,0,0,2025-09-04T14:35:06Z,2025-10-14T22:02:01Z,40.31035800925835,Expert,Medium,Bullet
Albinsajan,2851.6,2835,2875,12.7,2.07,0.6,15,1,0,0,0,2025-10-11T10:25:20Z,2025-10-12T12:15:44Z,1.0766663078715404,Expert,Medium,Bullet
Zkid,2849.1,2818,2872,15.3,0.93,0.733,15,0,1,0,0,2025-07-25T23:36:44Z,2025-10-16T03:35:08Z,82.16555248842471,Expert,Medium,Blitz
lovlas,2849.1,2826,2865,12.4,-0.93,0.567,15,1,0,0,0,2025-05-06T22:05:35Z,2025-06-09T11:43:45Z,33.568167337962876,Expert,Medium,Bullet
mysterious_expert,2843.7,2771,3020,89.6,-2.4,0.533,15,0.2,0.8,0,0,2025-08-22T23:38:16Z,2025-10-11T19:34:10Z,49.83048241898142,Expert,Medium,Blitz
TAAnderson,2843.2,2812,2897,23.6,1.27,0.733,15,0.133,0.867,0,0,2025-09-06T16:12:30Z,2025-10-06T20:18:43Z,30.170977835646934,Expert,Medium,Blitz
puziko52,2842.9,2824,2872,15.4,-1.4,0.7,15,0.533,0.467,0,0,2025-09-27T21:22:59Z,2025-10-14T12:54:38Z,16.646986030091842,Expert,Medium,Bullet
Bardiya___Daneshvar,2837.4,2821,2850,7.8,-0.93,0.567,15,0,1,0,0,2025-10-11T20:23:47Z,2025-10-14T11:07:29Z,2.613683437500839,Expert,Medium,Blitz
Kambaskin,2834.7,2802,2851,12,0.07,0.6,15,0.933,0.067,0,0,2025-10-15T06:08:47Z,2025-10-15T14:39:56Z,0.35495899305575423,Expert,Medium,Bullet
raf1310,2832.1,2826,2842,4.7,-0.2,0.267,15,1,0,0,0,2025-10-15T00:21:11Z,2025-10-15T00:48:33Z,0.01901363425784641,Expert,Medium,Bullet
JA_Florendo,2830.7,2799,2867,19.5,-2.13,0.533,15,1,0,0,0,2025-06-14T05:03:46Z,2025-10-14T07:30:13Z,122.10169403935197,Expert,Medium,Bullet
gabendan,2829.1,2775,2883,34.1,5,0.7,15,0.2,0.8,0,0,2025-10-01T15:09:47Z,2025-10-09T14:15:08Z,7.962042777775614,Expert,Medium,Blitz
KAPUTVSEMU,2828.2,2819,2839,6.6,-0.33,0.667,15,0,1,0,0,2025-10-10T22:24:22Z,2025-10-12T14:15:41Z,1.6606374189809516,Expert,Medium,Blitz
AVS2000,2827.1,2813,2849,13.4,-2.2,0.467,15,0,1,0,0,2025-10-02T10:23:21Z,2025-10-13T20:43:54Z,11.430933969906635,Expert,Medium,Blitz
arturchix,2827.1,2813,2842,8.5,1,0.767,15,0,1,0,0,2025-10-07T08:12:09Z,2025-10-13T14:23:41Z,6.258011180554275,Expert,Medium,Blitz
mzh1995,2826.5,2818,2840,5.8,-0.27,0.6,15,0,1,0,0,2025-10-15T08:18:29Z,2025-10-16T02:44:01Z,0.7677316550938068,Expert,Medium,Blitz
TacticalMonkey,2822.9,2816,2830,4.4,-0.4,0.733,15,1,0,0,0,2025-09-21T22:42:40Z,2025-09-29T16:36:07Z,7.745451435184589,Expert,Medium,Bullet
Lintchevski_Daniil,2822.1,2805,2837,10.1,-0.4,0.567,15,0,1,0,0,2025-10-15T21:24:02Z,2025-10-15T22:44:25Z,0.05582299768648766,Expert,Medium,Blitz
Papus1234,2818,2767,3063,99.4,-1.93,0.8,15,0.133,0.867,0,0,2025-10-02T17:24:15Z,2025-10-12T13:34:18Z,9.840313842591865,Expert,Medium,Blitz
Dr_BlindPew,2816.9,2806,2829,7,-1.53,0.567,15,0,1,0,0,2025-10-08T07:13:23Z,2025-10-10T09:39:07Z,2.101201284723701,Expert,Medium,Blitz
N-Chadaev,2813.4,2775,2901,38.4,1,0.633,15,0.2,0.8,0,0,2025-06-30T16:47:31Z,2025-10-10T06:54:56Z,101.58848684027791,Expert,Medium,Blitz
NorrisEthan2006,2813.2,2799,2826,8.5,-1,0.533,15,1,0,0,0,2025-08-29T21:21:06Z,2025-09-20T21:06:26Z,21.989809155091642,Expert,Medium,Bullet
jjosujjosu,2813.1,2351,3084,335.8,-9.13,0.767,15,0.6,0,0.4,0,2025-10-10T00:39:52Z,2025-10-11T18:38:11Z,1.7488290046293427,Expert,Medium,Bullet
yuuki-asuna,2812.7,2603,2899,128.8,2.07,1,15,0.667,0,0.067,0.267,2025-10-08T07:25:28Z,2025-10-15T03:22:03Z,6.8309579513884255,Expert,Medium,Bullet
Kiskar,2812.4,2651,2862,77.8,-1.67,0.533,15,0.8,0.2,0,0,2025-10-06T08:43:23Z,2025-10-14T14:03:56Z,8.222613819442966,Expert,Medium,Bullet
RealDavidNavara,2808.1,2691,2856,50.2,4.73,0.7,15,0,0.733,0.267,0,2025-08-29T02:58:45Z,2025-10-14T12:21:16Z,46.390636689814706,Expert,Medium,Blitz
UntilItIsOtherwise,2807.7,2599,2929,149.6,2,0.833,15,0.667,0,0.333,0,2025-10-09T13:04:27Z,2025-10-14T10:05:04Z,4.875418310184721,Expert,Medium,Bullet
Som2310,2804.4,2782,2820,12.6,-1.67,0.5,15,0,1,0,0,2025-10-09T20:47:08Z,2025-10-15T11:37:31Z,5.618312326390986,Expert,Medium,Blitz
Kaufman_David,2802.9,2794,2811,4.9,-0.27,0.667,15,0,1,0,0,2025-10-11T22:29:04Z,2025-10-12T20:23:22Z,0.9127064930537233,Expert,Medium,Blitz
Ilikeknightmost,2802.6,2782,2819,12.3,1.53,0.833,15,0,0,1,0,2025-09-28T09:14:31Z,2025-10-09T18:36:47Z,11.390464479167152,Expert,Medium,Rapid
Aquiiles,2801.9,2039,3002,317,-18.2,0.767,15,0.6,0.2,0.2,0,2025-04-27T13:54:15Z,2025-08-10T23:12:47Z,105.38786460647981,Expert,Medium,Bullet
paopaomate,2801.4,2793,2810,5,-0.6,0.433,15,0,1,0,0,2025-10-07T14:30:51Z,2025-10-12T13:04:52Z,4.94029387731519,Expert,Medium,Blitz
BENED7707,2801.2,2775,2819,14.3,2.33,0.867,15,0,1,0,0,2025-10-13T10:43:21Z,2025-10-13T13:45:38Z,0.12658341435094675,Expert,Medium,Blitz
Vahe_S,2800.8,2778,2975,48.5,0,0.533,15,0.067,0.933,0,0,2025-09-20T14:50:23Z,2025-10-16T02:49:05Z,25.499099687500685,Expert,Medium,Blitz
Bllitzer11,2798,2787,2812,8.1,0,0.467,15,0,1,0,0,2025-10-03T11:05:22Z,2025-10-13T17:31:43Z,10.268300543979363,Expert,Medium,Blitz
venajalainen,2794.1,2764,2818,16.6,-0.07,0.733,15,0,1,0,0,2025-06-06T17:36:27Z,2025-10-15T14:28:12Z,130.8692690393522,Expert,Medium,Blitz
ivan124,2793.5,2777,2806,8.7,0.8,0.567,15,0,1,0,0,2025-09-27T16:37:50Z,2025-10-15T19:03:28Z,18.10113391203737,Expert,Medium,Blitz
Vladimirovich9000,2792.6,2777,2807,9.8,-1.8,0.5,15,0,1,0,0,2025-10-11T20:16:06Z,2025-10-11T20:56:57Z,0.028375798612833025,Expert,Medium,Blitz
playpuzzlespow,2791.9,2718,2869,36.3,11.33,0.533,15,1,0,0,0,2025-05-26T20:23:21Z,2025-10-04T16:54:57Z,130.85527484953678,Expert,Medium,Bullet
sapphire_phoenix,2790.3,2781,2804,6,1.07,0.767,15,0,1,0,0,2025-10-15T13:30:15Z,2025-10-15T21:16:33Z,0.3238173495371033,Expert,Medium,Blitz
kutiktau,2789.5,2762,2808,12.3,1.27,0.567,15,0,1,0,0,2025-09-16T15:55:37Z,2025-10-12T18:06:54Z,26.091169166667044,Expert,Medium,Blitz
AndrewHoma,2788.5,2710,2835,46.8,-1.53,0.767,15,0,0.667,0.333,0,2025-09-20T20:16:14Z,2025-10-13T10:12:15Z,22.58056572916607,Expert,Medium,Blitz
Dark_Cast1gator,2780.2,2513,3003,245.5,-1.67,0.8,15,0.533,0.467,0,0,2025-10-15T17:51:59Z,2025-10-15T18:25:31Z,0.023282916667284787,Expert,Medium,Bullet
F1nal_Masquerade,2774.9,2760,2793,10.4,1.13,0.533,15,0,1,0,0,2025-10-15T21:34:54Z,2025-10-15T22:44:25Z,0.04827863426120193,Expert,Medium,Blitz
Regisha228,2774.1,2761,2789,8.2,1.07,0.667,15,0,1,0,0,2025-10-12T12:44:11Z,2025-10-14T07:05:57Z,1.7651112962955677,Expert,Medium,Blitz
IGMGataKamsky,2769.6,2752,2788,10.1,-2.4,0.7,15,0,1,0,0,2025-10-02T18:24:27Z,2025-10-02T19:37:15Z,0.05055722222008087,Expert,Medium,Blitz
metan0ia,2760,2677,2801,51.1,1.27,0.667,15,0,0.667,0.333,0,2025-10-05T04:11:30Z,2025-10-16T04:28:48Z,11.012012384257934,Expert,Medium,Blitz
SuperbAmir,2753.1,2691,3003,102.3,2.07,0.767,15,0.133,0.867,0,0,2025-09-01T13:54:55Z,2025-10-12T21:41:07Z,41.32375498842586,Expert,Medium,Blitz
Checkmater47,2750.3,2738,2760,6.3,0.8,0.9,15,1,0,0,0,2025-10-15T18:16:46Z,2025-10-16T03:53:37Z,0.40059474536942113,Expert,Medium,Bullet
Chesspro_2606,2750.3,2674,2772,22.5,-0.2,0.567,15,0.933,0,0.067,0,2025-10-12T03:37:46Z,2025-10-15T12:47:42Z,3.3819003935185847,Expert,Medium,Bullet
ThunderGodCid,2749.9,2741,2756,4.6,-0.33,0.6,15,1,0,0,0,2025-10-11T19:31:15Z,2025-10-15T17:45:38Z,3.926653182868052,Expert,Medium,Bullet
Shatkirti,2749.5,2739,2765,7.1,-0.33,0.5,15,1,0,0,0,2025-10-10T09:35:42Z,2025-10-15T10:52:18Z,5.053197141204167,Expert,Medium,Bullet
Oliverqueena,2744.1,2727,2756,9.2,-1.73,0.4,15,1,0,0,0,2025-10-13T13:40:45Z,2025-10-14T13:02:21Z,0.973327592594756,Expert,Medium,Bullet
Aristarch_Kukuev,2737.5,2693,2782,40,1.47,0.8,15,0,0.533,0.467,0,2025-10-12T19:21:49Z,2025-10-16T00:17:07Z,3.20507658564934,Expert,Medium,Blitz
WikiChess,2734.5,2723,2746,7,0.33,0.467,15,1,0,0,0,2025-10-15T11:30:16Z,2025-10-15T22:03:38Z,0.43984012731523425,Expert,Medium,Bullet
RayHolt,2731.3,2724,2739,4.7,-0.93,0.467,15,1,0,0,0,2025-10-13T15:28:10Z,2025-10-13T20:44:13Z,0.2194766550925043,Expert,Medium,Bullet
moshakvar,2728.8,2541,2754,52.3,0.87,0.467,15,0.933,0,0.067,0,2025-10-15T08:01:10Z,2025-10-15T17:56:08Z,0.41318004629678196,Expert,Medium,Bullet
Ninja_Checkmate_123,2728.1,2701,2747,13.8,1.07,0.8,15,1,0,0,0,2025-07-23T16:17:24Z,2025-10-14T11:52:17Z,82.81588432870254,Expert,Medium,Bullet
Al_Shima,2727.6,2709,2749,13.3,-3.07,0.267,15,1,0,0,0,2025-10-12T22:28:19Z,2025-10-12T22:55:52Z,0.01913111111080205,Expert,Medium,Bullet
Guary1,2719.2,2654,3091,149.3,-1.33,0.733,15,0.133,0.867,0,0,2025-10-09T01:29:51Z,2025-10-11T02:00:00Z,2.0209400810190923,Expert,Medium,Blitz
Americanchampion,2711.8,2681,2731,16.5,1.47,0.733,15,0,0.067,0.933,0,2025-09-05T08:52:03Z,2025-10-11T15:21:44Z,36.27061983796182,Expert,Medium,Rapid
okriak,2711.7,2699,2726,8.5,-0.87,0.533,15,0,1,0,0,2025-10-08T19:40:51Z,2025-10-14T13:11:20Z,5.729494097221781,Expert,Medium,Blitz
SupWitches,2711.6,2699,2719,5.8,-0.6,0.5,15,1,0,0,0,2025-10-13T19:05:15Z,2025-10-14T10:23:09Z,0.6374367708326489,Expert,Medium,Bullet
sgm2882,2708.9,2249,2814,208.2,4.6,0.867,15,0,0.8,0.067,0.133,2025-10-07T03:42:54Z,2025-10-11T06:27:55Z,4.114603356481703,Expert,Medium,Blitz
KonMarios2010,2708.4,2679,3000,80.9,0.87,0.633,15,0.067,0.933,0,0,2025-10-08T17:16:43Z,2025-10-11T05:32:56Z,2.511259270834702,Expert,Medium,Blitz
bardiash76,2701.4,2566,2876,122.5,-6.53,0.767,15,0.333,0,0.667,0,2025-09-18T07:22:54Z,2025-10-04T13:09:15Z,16.24051144676076,Expert,Medium,Rapid
dawid1398,2701.1,2691,2709,5.1,0,0.6,15,0,1,0,0,2025-10-10T11:15:58Z,2025-10-12T16:37:35Z,2.2233443402774906,Expert,Medium,Blitz
iwasbanned,2696.2,2687,2705,5.3,0.53,0.767,15,1,0,0,0,2025-10-16T01:30:32Z,2025-10-16T02:01:12Z,0.021301597221582026,Expert,Medium,Bullet
samaman123,2696.1,2680,2716,12.2,-2.8,0.5,15,1,0,0,0,2025-10-14T18:23:20Z,2025-10-15T17:53:34Z,0.9793353703700833,Expert,Medium,Bullet
Martino_Edenn,2682.3,2662,2694,9.7,-1.4,0.5,15,1,0,0,0,2025-10-15T16:52:54Z,2025-10-16T04:45:39Z,0.4949629398159407,Expert,Medium,Bullet
Anonimous-1981,2680.9,2641,2890,59.2,-0.6,0.533,15,0.067,0,0.933,0,2025-09-13T09:50:43Z,2025-10-10T12:58:29Z,27.13038973379466,Expert,Medium,Rapid
borocotoajua00,2680.3,2505,2787,111.2,6.47,0.767,15,0.667,0.333,0,0,2025-08-05T20:50:05Z,2025-10-13T22:32:57Z,69.0714438078718,Expert,Medium,Bullet
AlwaysMore,2677.5,2641,2715,19.2,3.67,0.633,15,1,0,0,0,2025-08-04T09:36:43Z,2025-08-05T12:40:21Z,1.1275260185201963,Expert,Medium,Bullet
vlad_00,2674.7,2374,2711,83.8,-4,0.267,15,0.933,0.067,0,0,2025-10-04T09:49:06Z,2025-10-12T15:00:02Z,8.215921724538008,Expert,Medium,Bullet
Chess_Training_2021,2668.5,2658,2688,6.9,0.67,0.5,15,1,0,0,0,2025-08-09T13:25:46Z,2025-10-14T12:00:20Z,65.94067495370352,Expert,Medium,Bullet
bijiy,2661.9,2367,2925,277.7,-1.47,0.2,15,0.533,0.467,0,0,2025-09-28T19:23:23Z,2025-10-15T00:06:48Z,16.19681894676001,Expert,Medium,Bullet
SashaKuzhilniy,2660.8,2647,2677,9.4,0.87,0.733,15,0,0,1,0,2025-10-05T10:20:00Z,2025-10-15T18:23:42Z,10.335896956021035,Expert,Medium,Rapid
i_love_1C,2659.7,2613,2691,22.2,4.4,0.8,15,0.267,0.533,0.2,0,2025-10-12T20:41:30Z,2025-10-15T19:36:04Z,2.954559699073434,Expert,Medium,Blitz
Frankeinsteinzombie,2656.1,2637,2753,28,1.6,0.7,15,0.067,0,0.933,0,2025-09-22T07:08:54Z,2025-10-15T05:08:50Z,22.91661519675895,Expert,Medium,Rapid
THE_MENSTRUAL_CYCLE,2655.2,2644,2666,6,1.47,0.667,15,1,0,0,0,2025-10-11T23:52:26Z,2025-10-14T20:17:55Z,2.851029513889441,Expert,Medium,Bullet
xhdnwxnnx,2652.6,2638,2664,8.6,-1.73,0.267,15,1,0,0,0,2025-10-10T06:15:52Z,2025-10-15T12:39:52Z,5.266666874998697,Expert,Medium,Bullet
Invisible_shadow14,2652,2321,2759,122.3,19.07,0.767,15,0.133,0.733,0.133,0,2023-10-28T19:57:52Z,2025-10-14T14:31:15Z,716.7731803819454,Expert,Medium,Blitz
Personaltouch,2651.9,2631,2661,8.3,-1.47,0.8,15,1,0,0,0,2025-10-14T10:34:45Z,2025-10-14T16:55:48Z,0.2646126851853397,Expert,Medium,Bullet
greennight,2647.4,2634,2661,9.5,-0.47,0.533,15,0,1,0,0,2025-10-13T16:10:03Z,2025-10-13T16:56:48Z,0.03246240740848912,Expert,Medium,Blitz
chesspawnrookking,2646,2407,2727,118.2,-1.2,0.733,15,0.733,0.067,0.2,0,2025-10-12T21:11:12Z,2025-10-13T17:44:14Z,0.856267662037302,Expert,Medium,Bullet
genius86,2645.5,2416,2666,63.6,0.93,0.967,15,0.933,0,0.067,0,2025-10-13T13:57:16Z,2025-10-15T23:25:30Z,2.394603692130358,Expert,Medium,Bullet
shidfar2007,2641.5,2595,2681,26.2,5.07,0.833,15,0,0.133,0.867,0,2025-10-08T15:07:04Z,2025-10-15T18:44:16Z,7.150829826389198,Expert,Medium,Rapid
AtalikS,2640.6,2628,2661,9.3,1.73,0.767,15,0,1,0,0,2025-10-15T20:03:59Z,2025-10-15T22:12:56Z,0.08953833333320088,Expert,Medium,Blitz
Draw-no,2640,2382,2678,72.2,0.2,0.6,15,0.933,0.067,0,0,2025-10-01T07:23:29Z,2025-10-09T18:16:19Z,8.453349583331082,Expert,Medium,Bullet
Vyga2012,2639.5,2622,2655,10.2,1.87,0.567,15,1,0,0,0,2025-10-12T13:26:23Z,2025-10-13T11:13:23Z,0.9076484606470223,Expert,Medium,Bullet
yhm250903,2637.8,2350,2734,96.1,-0.07,0.733,15,0.267,0.267,0.4,0.067,2025-10-11T19:09:31Z,2025-10-14T08:13:34Z,2.544480335648965,Expert,Medium,Mixed
chess-is-a-live,2635.5,2460,2674,70.6,0.93,0.667,15,0.867,0,0.133,0,2025-10-15T18:31:52Z,2025-10-16T04:24:23Z,0.411475949074935,Expert,Medium,Bullet
CaparoT1,2634.7,2627,2644,5.3,0.53,0.933,15,1,0,0,0,2025-10-12T05:25:29Z,2025-10-12T05:55:35Z,0.020903819443451033,Expert,Medium,Bullet
yasumichi,2634.1,2622,2648,7.3,1.4,0.4,15,0.933,0,0.067,0,2025-10-14T17:01:15Z,2025-10-15T11:53:50Z,0.7865135185172161,Expert,Medium,Bullet
Souren,2631.3,2599,2718,42.3,0.87,0.733,15,0.2,0.8,0,0,2025-10-13T19:45:46Z,2025-10-15T04:56:51Z,1.382694942128879,Expert,Medium,Blitz
Coach_Pineapple,2628.7,2413,2683,104.1,2,0.933,15,0.8,0.133,0.067,0,2025-10-11T19:48:54Z,2025-10-16T02:47:11Z,4.29048063657626,Expert,Medium,Bullet
artinkhan,2625.5,2611,2639,7.9,-1,0.467,15,0,1,0,0,2025-10-15T05:24:22Z,2025-10-15T06:36:16Z,0.04993197916558495,Expert,Medium,Blitz
pr0methazine,2623.2,2608,2641,9.5,-1.13,0.6,15,1,0,0,0,2025-10-09T00:23:06Z,2025-10-14T23:20:31Z,5.956545243056284,Expert,Medium,Bullet
blueberry_pancakes,2619.7,2608,2628,6.6,-0.6,0.5,15,1,0,0,0,2025-10-11T15:47:00Z,2025-10-13T21:32:00Z,2.2395832754616385,Expert,Medium,Bullet
josedavid321,2613.6,2554,2900,116.9,2.13,0.733,15,0.133,0,0.867,0,2025-10-10T15:16:05Z,2025-10-12T22:12:28Z,2.2891611111108903,Expert,Medium,Rapid
QuCaNi,2612.5,2588,2653,24.6,0.13,0.667,15,0,0.733,0.267,0,2025-10-10T10:58:32Z,2025-10-10T18:51:51Z,0.3286923495348957,Expert,Medium,Blitz
ilikeknights,2609.6,2600,2615,4.5,-0.67,0.467,15,1,0,0,0,2025-10-16T00:00:03Z,2025-10-16T00:24:20Z,0.01685850694499634,Expert,Medium,Bullet
Olaffo,2608.3,2601,2611,4.6,1.4,1,15,0,1,0,0,2025-07-10T23:04:28Z,2025-08-28T22:42:08Z,48.984497268520016,Expert,Medium,Blitz
PazificDreams,2607.6,2582,2700,27.5,3.4,0.767,15,0.067,0.933,0,0,2025-05-09T19:02:59Z,2025-07-15T15:37:19Z,66.85718378472107,Expert,Medium,Blitz
JL202074,2607.2,2521,2983,148.4,4.87,0.667,15,0.133,0,0.867,0,2025-09-07T18:00:33Z,2025-10-12T18:41:13Z,35.028239791666465,Expert,Medium,Rapid
N7PRO,2607.1,2599,2613,4,-0.73,0.367,15,0,1,0,0,2025-10-13T13:42:58Z,2025-10-15T13:28:20Z,1.9898338194439809,Expert,Medium,Blitz
Suleyman_Chess06,2606.1,2593,2613,5.8,-0.6,0.367,15,0,1,0,0,2025-10-11T19:49:10Z,2025-10-15T06:51:50Z,3.460181145830839,Expert,Medium,Blitz
Larrythecabledude,2604.5,2581,2636,18.7,-1.47,0.467,15,0,0.667,0.333,0,2025-10-09T17:21:12Z,2025-10-15T11:52:47Z,5.771932245371518,Expert,Medium,Blitz
august10song,2602.9,2575,2620,11.9,3.07,0.8,15,0,0,1,0,2025-10-13T12:45:39Z,2025-10-15T10:55:50Z,1.923735381944312,Expert,Medium,Rapid
steel_balls,2600.4,2563,2631,18.4,3.27,0.633,15,0,1,0,0,2025-10-15T20:00:59Z,2025-10-15T21:10:41Z,0.04840631944437822,Expert,Medium,Blitz
tobyrizzo,2597.7,2259,2793,243.9,3.07,0.733,15,0.667,0.333,0,0,2025-08-30T17:57:32Z,2025-09-18T15:08:42Z,18.882757349535822,Expert,Medium,Bullet
Master-06,2595.7,2575,2622,15.9,-2.53,0.333,15,1,0,0,0,2025-10-06T10:48:43Z,2025-10-06T11:15:19Z,0.018469999998256013,Expert,Medium,Bullet
topdawg13,2593.7,2515,2632,26.7,-4.47,0.3,15,0,0.067,0.933,0,2025-10-08T14:20:45Z,2025-10-13T12:00:14Z,4.902424918981614,Expert,Medium,Rapid
ChessTheory64,2591.7,2516,2627,41,0.07,0.767,15,0,0,0.733,0.267,2025-10-06T16:21:15Z,2025-10-15T23:58:33Z,9.3175651041666665,Expert,Medium,Rapid
Bultenibo,2589.5,2469,2663,56.5,6.4,0.733,15,0.8,0.2,0,0,2025-09-14T16:26:46Z,2025-10-10T18:56:59Z,26.10431069444451,Expert,Medium,Bullet
sutcunuri,2587.3,2573,2607,9.6,-1.13,0.533,15,0,1,0,0,2025-10-14T22:49:48Z,2025-10-15T14:18:58Z,0.6452485763888668,Expert,Medium,Blitz
BlixLT,2587.2,2316,2641,77.1,-2.47,0.433,15,0.933,0.067,0,0,2025-10-15T08:10:56Z,2025-10-15T14:24:38Z,0.25951417823908507,Expert,Medium,Bullet
apetkov,2584.5,2572,2603,8.7,4.33,0.8,15,1,0,0,0,2023-08-05T04:28:39Z,2025-03-16T00:22:28Z,588.8290430671308,Expert,Medium,Bullet
DedkovR,2584.3,2572,2598,8.5,1.6,0.7,15,0,1,0,0,2025-10-15T15:16:19Z,2025-10-15T20:57:42Z,0.23706090277819722,Expert,Medium,Blitz
adriano10,2584.3,2573,2597,5.9,1.93,0.833,15,1,0,0,0,2025-04-26T11:28:41Z,2025-04-26T12:51:20Z,0.057391979167306865,Expert,Medium,Bullet
fireatash,2584.3,2574,2596,6.8,-0.67,0.567,15,1,0,0,0,2025-10-15T10:13:45Z,2025-10-15T10:42:20Z,0.019849490741336788,Expert,Medium,Bullet
andy2342,2584.2,2576,2590,3.4,0.47,0.833,15,0,1,0,0,2025-10-13T22:21:36Z,2025-10-15T07:49:24Z,1.3943045949052881,Expert,Medium,Blitz
JohnStuckey,2581.6,2552,2616,24.1,-4.47,0.533,15,1,0,0,0,2025-10-15T05:06:40Z,2025-10-15T05:25:14Z,0.012900578702489535,Expert,Medium,Bullet
IsaacGarcia,2578.5,2562,2597,10.3,1.67,0.6,15,0,1,0,0,2025-08-03T15:45:42Z,2025-09-18T18:49:43Z,46.12779119213146,Expert,Medium,Blitz
Tomberg_Dmitry,2573.2,2556,2590,8.8,0.87,0.7,15,0,0,1,0,2025-10-08T19:21:38Z,2025-10-09T22:28:21Z,1.1296667129629188,Expert,Medium,Rapid
Alex_Soelden,2573.1,2554,2592,11.2,2.4,0.9,15,0,0,1,0,2025-09-14T16:22:21Z,2025-10-15T08:42:01Z,30.680317384258466,Expert,Medium,Rapid
Stamatis3,2571.5,2558,2580,6,0,0.533,15,1,0,0,0,2025-10-12T16:43:20Z,2025-10-12T16:59:15Z,0.011049513891339301,Expert,Medium,Bullet
salfetkaa5,2570,2523,2609,29.8,4.87,0.667,15,0,1,0,0,2025-10-15T23:37:02Z,2025-10-16T01:04:42Z,0.06087782407524409,Expert,Medium,Blitz
Thecourseoisildur,2567.4,2560,2577,4.7,0.67,0.833,15,0,1,0,0,2025-09-21T19:20:41Z,2025-09-25T19:35:00Z,4.009947650462941,Expert,Medium,Blitz
chessm3g1c,2565.7,2538,2619,23.7,-1.8,0.6,15,0,0.867,0.133,0,2025-10-09T18:59:26Z,2025-10-15T09:07:30Z,5.588925833335077,Expert,Medium,Blitz
AZESHION,2565.2,2551,2574,6.5,0.73,0.533,15,1,0,0,0,2025-10-15T19:21:29Z,2025-10-15T19:47:41Z,0.01818663194499634,Expert,Medium,Bullet
Crawlingflour,2557.1,2478,2675,71.7,-5.73,0.6,15,0.333,0.2,0.467,0,2025-10-05T18:24:35Z,2025-10-15T10:56:15Z,9.68866180555688,Expert,Medium,Rapid
Oleg_Sh,2557.1,2411,2827,195.3,1.07,0.8,15,0.333,0.667,0,0,2025-10-12T12:58:10Z,2025-10-15T14:30:14Z,3.063940474537236,Expert,Medium,Blitz
Novo_Chess,2556.7,2301,2657,155.7,-2.33,0.533,15,0.733,0.267,0,0,2025-10-02T21:28:09Z,2025-10-08T17:43:35Z,5.844056400463537,Expert,Medium,Bullet
Daniil1007,2554.7,2538,2566,7.7,1.33,0.533,15,1,0,0,0,2025-10-15T12:50:42Z,2025-10-15T18:17:28Z,0.22692415509234976,Expert,Medium,Bullet
watermelonlavida,2553.2,2536,2573,12.8,1.8,0.967,15,0,0,1,0,2025-10-05T12:19:17Z,2025-10-15T10:44:35Z,9.934231863427494,Expert,Medium,Rapid
nezdesh,2552.5,2542,2573,8.5,-1.93,0.433,15,1,0,0,0,2025-10-11T11:56:07Z,2025-10-15T15:20:01Z,4.141592743054584,Expert,Medium,Bullet
jaime_sonho01,2549.8,2541,2557,4.2,-1.2,0.733,15,0,1,0,0,2025-10-15T20:39:00Z,2025-10-15T21:56:51Z,0.05406189814761833,Expert,Medium,Blitz
ChessGenius-Intel,2549.3,2529,2568,10.3,1.93,0.733,15,0,0,1,0,2025-09-05T02:09:54Z,2025-10-15T03:43:15Z,40.06481925925723,Expert,Medium,Rapid
Shreyas_Adimulam,2541,2526,2555,8.9,0.4,0.733,15,1,0,0,0,2025-10-11T17:38:50Z,2025-10-14T16:10:09Z,2.9384178703692223,Expert,Medium,Bullet
nahsrav,2538.3,2332,2601,91.2,1.93,0.4,15,0.8,0.2,0,0,2025-09-14T14:10:42Z,2025-10-12T10:28:28Z,27.84566762731583,Expert,Medium,Bullet
FastKnightz,2535.9,2365,2604,101.5,-0.87,0.467,15,0.733,0.267,0,0,2025-10-14T16:28:54Z,2025-10-15T16:41:32Z,1.008772488426831,Expert,Medium,Bullet
Stubenfisch,2532.8,2518,2553,11.8,-2.2,0.533,15,1,0,0,0,2025-10-15T17:06:44Z,2025-10-15T17:22:37Z,0.011026157408400818,Expert,Medium,Bullet
chessexplained,2529.5,2523,2537,3.7,0.07,0.7,15,0,1,0,0,2025-10-12T18:21:17Z,2025-10-12T19:39:17Z,0.054167847222200145,Expert,Medium,Blitz
Romaa2011,2528.3,2505,2572,22.1,-4.4,0.333,15,0,1,0,0,2025-10-12T18:26:09Z,2025-10-12T19:34:30Z,0.04745913194561446,Expert,Medium,Blitz
Kleerkast,2524.7,2410,2561,47.4,-2.6,0.367,15,0.867,0.133,0,0,2025-10-11T09:02:39Z,2025-10-15T07:51:38Z,3.950678680555688,Expert,Medium,Bullet
NEXXEF,2524.7,2518,2535,5,-0.13,0.367,15,1,0,0,0,2025-10-15T10:49:37Z,2025-10-15T11:20:54Z,0.021726087963691465,Expert,Medium,Bullet
suaiFinn,2520.3,2510,2533,6.1,-1,0.433,15,0,1,0,0,2025-10-15T05:10:42Z,2025-10-15T11:32:33Z,0.26518032407319103,Expert,Medium,Blitz
penguingm1,2517.3,2481,2557,23.2,-0.93,0.467,15,1,0,0,0,2020-09-18T23:05:13Z,2023-12-28T20:11:47Z,1195.8795704282406,Expert,Medium,Bullet
Acva-Alenok,2513.3,2497,2528,8.9,-0.67,0.5,15,0,1,0,0,2025-10-10T09:56:21Z,2025-10-10T11:27:44Z,0.06345158564823646,Expert,Medium,Blitz
byebob,2513.3,2389,2705,141.5,1.13,0.533,15,0.533,0,0.333,0.133,2025-10-10T22:04:36Z,2025-10-15T01:19:49Z,4.135571284721847,Expert,Medium,Bullet
A_Tsarkov,2511.4,2504,2527,6.6,-0.73,0.467,15,1,0,0,0,2025-10-14T17:15:09Z,2025-10-16T04:22:49Z,1.4636639699091514,Expert,Medium,Bullet
h5h6h7,2508.8,2399,2561,66.2,1.87,0.7,15,0,0.267,0.733,0,2025-10-10T14:12:56Z,2025-10-13T13:42:18Z,2.9787196759272505,Expert,Medium,Rapid
Nosporchess,2508.3,2280,2640,137.2,0.2,0.567,15,0.533,0.333,0,0.133,2025-10-12T20:54:44Z,2025-10-15T17:53:23Z,2.8740633333336425,Expert,Medium,Bullet
lyxxj,2507,2497,2518,6,0.87,0.767,15,0,1,0,0,2025-10-12T18:42:40Z,2025-10-12T19:38:52Z,0.039025115740519985,Expert,Medium,Blitz
MW1966,2506.3,2504,2513,2.5,-0.07,0.9,15,0,0,1,0,2025-10-13T17:12:41Z,2025-10-15T17:13:16Z,2.0004087731490534,Expert,Medium,Rapid
HinaHongou,2504.1,2484,2522,12.1,0.53,0.633,15,1,0,0,0,2025-10-15T06:39:38Z,2025-10-15T21:58:54Z,0.638374236110184,Expert,Medium,Bullet
TheWeganka,2503.1,2452,2785,114.1,-0.07,0.6,15,0.133,0.867,0,0,2025-10-10T12:20:43Z,2025-10-15T14:43:13Z,5.098962893519136,Expert,Medium,Blitz
arshiya11389,2502,2490,2516,9.7,-2.4,0.567,15,0,1,0,0,2025-10-02T19:24:01Z,2025-10-13T15:54:25Z,10.854439062500994,Expert,Medium,Blitz
osimhenbaba2013,2502,2384,2585,92.9,0.93,0.7,15,0.6,0.4,0,0,2025-10-10T15:42:42Z,2025-10-15T15:36:32Z,4.995719074074317,Expert,Medium,Bullet
Wilbur_Tseng,2500.1,2490,2507,5.5,1.2,0.867,15,1,0,0,0,2025-09-08T02:49:47Z,2025-09-23T16:51:45Z,15.584690277777888,Expert,Medium,Bullet
R_Berzinsh,2498.1,2441,2553,47.7,2.07,0.8,15,0.467,0.533,0,0,2025-10-11T11:26:01Z,2025-10-15T04:46:37Z,3.722639374997881,Expert,Medium,Bullet
Xavierb05,2494.3,2483,2503,6,-1.73,0.433,15,1,0,0,0,2025-10-15T09:40:04Z,2025-10-15T18:08:59Z,0.3534036805563503,Expert,Medium,Bullet
daaleksandrov,2490.9,2426,2586,76.9,0.2,0.8,15,0.4,0,0.6,0,2025-10-15T17:17:34Z,2025-10-15T22:49:01Z,0.23018138888809417,Expert,Medium,Rapid
love_you_one,2489.3,2416,2620,90.6,0.93,0.667,15,0,0.667,0.333,0,2025-09-28T16:15:08Z,2025-10-11T14:18:51Z,12.919250312499978,Expert,Medium,Blitz
norespect12345678,2489.2,2480,2500,5.5,-0.93,0.433,15,0,1,0,0,2025-10-11T17:16:44Z,2025-10-15T16:06:05Z,3.9509378240726614,Expert,Medium,Blitz
Ahmet2000,2488.5,2478,2498,5.2,0.47,0.7,15,1,0,0,0,2025-09-23T13:27:54Z,2025-10-15T18:39:29Z,22.21637848379711,Expert,Medium,Bullet
Brillant_Sacriffice,2485.5,2378,2529,61,0.2,0.467,15,0,0.267,0.733,0,2025-10-01T18:04:51Z,2025-10-15T15:26:59Z,13.890372916666998,Expert,Medium,Rapid
CrouchingTiger,2481.7,2462,2496,10.2,1.33,0.633,15,1,0,0,0,2025-10-06T19:41:25Z,2025-10-10T03:08:01Z,3.31013583333404,Expert,Medium,Bullet
MakeHellTal,2480.3,2470,2496,8.7,1.6,0.6,15,1,0,0,0,2025-10-12T02:02:41Z,2025-10-15T00:55:43Z,2.9535012731480377,Expert,Medium,Bullet
Litke76,2476,2388,2495,25.3,0.07,0.533,15,0,0.933,0,0.067,2025-10-12T19:05:22Z,2025-10-15T19:56:55Z,3.0357882523150357,Expert,Medium,Blitz
Thorwald5,2475.5,2457,2481,6.3,-1.6,0.7,15,0,0.933,0,0.067,2025-10-07T18:52:20Z,2025-10-12T19:31:41Z,5.027322349537302,Expert,Medium,Blitz
CoachAnton,2468.6,2464,2478,5.3,0.4,0.9,15,0,1,0,0,2025-10-10T03:13:50Z,2025-10-12T01:54:50Z,1.945137245370834,Expert,Medium,Blitz
avcs,2468.3,2420,2586,55.1,-3.13,0.567,15,0,0.133,0.133,0.733,2025-10-02T12:17:49Z,2025-10-15T15:40:37Z,13.140834050926346,Expert,Medium,Classical
iCe_eNerGyTeaM,2467.9,2379,2537,51.3,0.8,0.8,15,0,0.6,0.2,0.2,2025-10-11T22:13:44Z,2025-10-15T19:49:00Z,3.8994930555561074,Expert,Medium,Blitz
snoozer,2467.6,2444,2495,16,2.4,0.667,15,0,1,0,0,2025-09-12T19:44:30Z,2025-10-11T18:18:52Z,28.940532812500994,Expert,Medium,Blitz
Xiliov,2465,2450,2477,7.5,-1.67,0.333,15,1,0,0,0,2025-09-16T19:54:16Z,2025-10-14T21:43:48Z,28.076060856481394,Expert,Medium,Bullet
Mohamed-Rezk,2455.3,2412,2606,73.2,0,0.5,15,0,0.8,0.2,0,2025-10-10T14:54:12Z,2025-10-11T21:12:15Z,1.2625311226866864,Expert,Medium,Blitz
Fifty-Fifty_is_backk,2453.3,2422,2474,16.5,2.87,0.633,15,0,1,0,0,2025-10-07T18:21:39Z,2025-10-15T02:40:17Z,7.3462737384272945,Expert,Medium,Blitz
Chess_switch,2453.1,2442,2466,6.6,-0.93,0.467,15,1,0,0,0,2025-10-06T21:52:10Z,2025-10-15T21:48:39Z,8.997558206019026,Expert,Medium,Bullet
sparrow_1,2452.3,2382,2707,122.8,5.4,1,15,0.2,0.8,0,0,2025-10-12T09:04:32Z,2025-10-14T19:16:44Z,2.425134814814837,Expert,Medium,Blitz
turkeysniper,2448.4,2433,2463,9.6,0.2,0.567,15,0,1,0,0,2025-09-07T19:01:26Z,2025-09-24T18:36:37Z,16.9827616898136,Expert,Medium,Blitz
puressence,2445.9,2441,2451,3.3,-0.13,0.767,15,1,0,0,0,2025-10-13T10:56:02Z,2025-10-15T06:55:13Z,1.8327647222219794,Expert,Medium,Bullet
Moussardraser,2444.9,2360,2492,46.5,-0.47,0.533,15,0,0.4,0.533,0.067,2025-10-14T17:08:40Z,2025-10-15T23:15:24Z,1.2546756597222002,Expert,Medium,Rapid
Attacker1386,2442.1,2261,2674,174.3,0.6,0.6,15,0.333,0.267,0.4,0,2025-10-13T11:39:59Z,2025-10-14T07:12:34Z,0.8142969328689355,Expert,Medium,Mixed
SabrinaCarpenter,2438.6,2430,2447,4.6,0.4,0.633,15,0,1,0,0,2025-10-15T10:46:39Z,2025-10-16T00:59:54Z,0.5925317708347683,Expert,Medium,Blitz
Andrey_Efimenko,2437.8,2398,2499,36.5,3.6,0.833,15,0.267,0.733,0,0,2025-04-16T03:17:40Z,2025-04-18T07:59:35Z,2.195773171296826,Expert,Medium,Blitz
Isaev_Anton_Val,2436.5,2387,2613,88.7,0.2,0.767,15,0.2,0.8,0,0,2025-10-07T14:00:13Z,2025-10-14T14:26:09Z,7.018009988425506,Expert,Medium,Blitz
uzkuzk,2436,2425,2447,6.8,0.93,0.833,15,0,0,0,1,2025-10-12T02:09:25Z,2025-10-16T02:37:26Z,4.019457187500817,Expert,Medium,Classical
se5eimaiekei,2433.5,2269,2512,91.1,-2.13,0.333,15,0.533,0.267,0,0.2,2025-10-07T12:49:34Z,2025-10-14T17:39:20Z,7.201225196760562,Expert,Medium,Bullet
IALIIALIIALI,2433.3,2190,2728,214.6,8.87,0.467,15,0.333,0.667,0,0,2025-09-27T19:59:57Z,2025-10-11T19:33:43Z,13.981775601853927,Expert,Medium,Blitz
VadimCernov,2430.3,2422,2439,6.2,0.73,0.8,15,0,1,0,0,2025-10-12T18:20:31Z,2025-10-12T19:38:02Z,0.053832129629121886,Expert,Medium,Blitz
Fumitoks,2427,2415,2442,7.9,-1.13,0.733,15,0,1,0,0,2025-10-14T16:59:49Z,2025-10-14T17:54:53Z,0.03824902777870496,Expert,Medium,Blitz
endeadfallezing,2423.9,2329,2564,112.6,0.07,0.533,15,0.4,0.6,0,0,2025-10-13T14:23:39Z,2025-10-15T16:12:23Z,2.075506481481371,Expert,Medium,Blitz
Salomon_V,2419.9,2205,2738,259.5,3.53,1,15,0.4,0,0,0.6,2025-10-14T04:52:35Z,2025-10-15T16:33:56Z,1.4870435532403212,Expert,Medium,Classical
Lmaoooooooooooooooo,2416.3,2402,2439,9,-2.13,0.367,15,1,0,0,0,2025-10-14T01:16:28Z,2025-10-15T17:21:09Z,1.6699248611099191,Expert,Medium,Bullet
kotikribolow,2414.2,2217,2598,167.8,1.67,0.7,15,0.067,0.2,0.267,0.467,2025-09-19T16:15:33Z,2025-10-10T15:57:45Z,20.987646238425814,Expert,Medium,Classical
PeriltheDragon,2412.7,2399,2422,6.4,-1.67,0.4,15,1,0,0,0,2025-10-07T05:46:39Z,2025-10-15T04:46:54Z,7.958501180553878,Expert,Medium,Bullet
HesiTweenPull,2412.5,2319,2626,131.4,-0.8,0.467,15,0.267,0.733,0,0,2025-09-30T22:28:20Z,2025-10-11T20:41:29Z,10.925796111110184,Expert,Medium,Blitz
xuanet,2412.4,2298,2450,58.2,0,0.5,15,0.8,0.2,0,0,2025-10-15T13:26:25Z,2025-10-15T19:38:14Z,0.2582052662058009,Expert,Medium,Bullet
NeverOFzero,2406,2388,2415,7.7,1.67,0.767,15,0,1,0,0,2025-09-18T19:35:34Z,2025-09-19T17:17:42Z,0.9042626504627643,Expert,Medium,Blitz
KottuRoti,2405.9,2371,2471,32.9,-1.4,0.367,15,0.2,0.8,0,0,2025-10-09T09:54:37Z,2025-10-15T08:36:22Z,5.945660208333973,Expert,Medium,Blitz
loristavernier,2404.5,2281,2547,118.6,2.93,0.6,15,0.4,0,0.133,0.467,2025-08-29T11:28:58Z,2025-10-13T20:45:59Z,45.386818622684586,Expert,Medium,Classical
gek76,2399.5,2392,2408,4.6,0.67,0.9,15,0,1,0,0,2025-10-15T19:19:39Z,2025-10-15T21:48:28Z,0.1033412615734118,Advanced,Medium,Blitz
LOST_IN_FUTURE,2399.3,2389,2410,6.3,-0.6,0.533,15,0,0.2,0.8,0,2025-10-12T08:31:30Z,2025-10-16T04:13:45Z,3.821012962962742,Advanced,Medium,Rapid
u1rick,2399.2,2380,2415,9.9,-1.4,0.4,15,0,1,0,0,2025-10-07T05:07:28Z,2025-10-16T00:37:08Z,8.8122739236112,Advanced,Medium,Blitz
Chessmaster201736,2398.6,2197,2631,152.7,-3.33,0.233,15,0.267,0.333,0.267,0.133,2025-10-07T14:49:56Z,2025-10-15T11:43:20Z,7.870416932870392,Advanced,Medium,Mixed
papatry,2395.1,2256,2424,55.1,1,0.567,15,0.867,0.133,0,0,2025-10-12T18:15:02Z,2025-10-14T19:45:51Z,2.0630740393532645,Advanced,Medium,Bullet
BigDog2008,2394.5,2276,2412,33.5,-1.2,0.6,15,0,0.933,0,0.067,2025-10-10T16:17:30Z,2025-10-12T19:37:36Z,2.138960127314484,Advanced,Medium,Blitz
Lord_of_the_River,2393,2336,2411,17.6,-2.6,0.4,15,0.933,0,0.067,0,2025-10-10T14:33:24Z,2025-10-14T16:08:09Z,4.065793865739748,Advanced,Medium,Bullet
daanielsladebackup,2389.8,2381,2397,4.8,0.73,0.6,15,0,1,0,0,2025-10-13T20:19:55Z,2025-10-14T21:22:13Z,1.0432615972227521,Advanced,Medium,Blitz
Brendgame,2388.2,2248,2462,92.7,-0.87,0.567,15,0.667,0.267,0.067,0,2025-10-12T04:01:55Z,2025-10-16T04:24:38Z,4.015778032408821,Advanced,Medium,Bullet
Dangor,2387.8,2285,2454,71.7,-1.87,0.433,15,0.667,0.333,0,0,2025-08-24T23:45:19Z,2025-10-12T22:34:39Z,48.95092292824277,Advanced,Medium,Bullet
GurevskoiDV,2386.5,2342,2405,17.5,2.13,0.7,15,0.133,0.867,0,0,2025-10-14T03:53:58Z,2025-10-15T03:40:40Z,0.990764270833245,Advanced,Medium,Blitz
bagoysuragoy,2385.3,2375,2396,7.4,0.87,0.6,15,0,1,0,0,2025-10-12T00:53:40Z,2025-10-12T17:01:21Z,0.6720094907421756,Advanced,Medium,Blitz
IcyDre1,2384.3,2238,2496,95,12.07,0.967,15,0,0.533,0,0.467,2025-07-27T04:06:41Z,2025-10-15T10:29:40Z,80.26595530092716,Advanced,Medium,Blitz
Orcinus_Orca,2383.5,2360,2395,11,2.73,0.767,15,1,0,0,0,2025-08-28T14:10:59Z,2025-08-28T15:42:55Z,0.06385297453513852,Advanced,Medium,Bullet
unjournakamura,2382.9,2341,2422,22.7,2.8,0.733,15,0,0.867,0.133,0,2025-10-09T18:19:21Z,2025-10-13T18:25:32Z,4.004296840277535,Advanced,Medium,Blitz
ShlokyDas,2382.7,2369,2412,11.8,-1.73,0.467,15,0,0,1,0,2025-10-14T12:27:05Z,2025-10-15T18:10:25Z,1.2384355208332891,Advanced,Medium,Rapid
cr4z3chess1,2382.5,2355,2678,81.8,0.2,0.433,15,0.067,0.933,0,0,2025-10-15T14:19:22Z,2025-10-15T18:12:41Z,0.16202530092387288,Advanced,Medium,Blitz
King_of_Cyprus,2377.1,2349,2398,15.3,-3,0.267,15,0,1,0,0,2025-09-29T13:19:10Z,2025-10-06T13:03:11Z,6.988899930555512,Advanced,Medium,Blitz
TheUnknownGuyReborn,2373.3,2109,2421,103.7,0.8,0.467,15,0.867,0.067,0.067,0,2025-10-04T21:35:00Z,2025-10-15T05:53:49Z,10.346400011573676,Advanced,Medium,Bullet
Dmitri_Danilin,2368.5,2232,2453,98.4,0.27,0.867,15,0.6,0,0.333,0.067,2025-10-11T09:47:39Z,2025-10-14T20:55:58Z,3.464116516204344,Advanced,Medium,Bullet
OldHas-Been,2359.6,2338,2376,10.9,1,0.833,15,0.867,0.133,0,0,2025-10-09T19:32:57Z,2025-10-15T21:19:07Z,6.073722696759635,Advanced,Medium,Bullet
shaheus,2358.2,2349,2368,4.9,0.07,0.5,15,1,0,0,0,2025-10-15T15:43:36Z,2025-10-15T19:04:20Z,0.1393950231483689,Advanced,Medium,Bullet
RodrigoDiazdeVivar1,2356.7,2346,2364,4.8,0.53,0.533,15,1,0,0,0,2025-10-13T13:36:59Z,2025-10-15T20:31:34Z,2.2879073379630293,Advanced,Medium,Bullet
SanthoshAyyappan,2347.4,2323,2419,36.1,0.13,0.7,15,0,0.8,0.2,0,2025-10-11T18:10:14Z,2025-10-12T23:44:15Z,1.2319539120351826,Advanced,Medium,Blitz
MG-MasterOv,2347,2333,2359,7.8,1.67,0.7,15,1,0,0,0,2025-10-11T04:52:51Z,2025-10-15T18:31:26Z,4.568463900461793,Advanced,Medium,Bullet
JonkNed,2345.7,2339,2351,3.6,-0.8,0.667,15,1,0,0,0,2025-10-14T20:10:12Z,2025-10-15T11:55:00Z,0.6561112962966715,Advanced,Medium,Bullet
ShreyasD,2340.1,2215,2380,62.9,0.8,0.567,15,0.8,0,0.2,0,2025-10-14T01:18:29Z,2025-10-15T12:12:20Z,1.454065196759723,Advanced,Medium,Bullet
yuza40,2338.8,2324,2376,12.4,-3,0.6,15,0.933,0.067,0,0,2022-12-28T18:09:06Z,2024-04-07T13:32:59Z,465.808253831019,Advanced,Medium,Bullet
BayorMiller_CNO,2336.5,2332,2341,3.1,-0.4,0.333,15,1,0,0,0,2025-10-13T18:03:06Z,2025-10-14T15:58:21Z,0.913365439813998,Advanced,Medium,Bullet
TiberianDawn,2330.2,2321,2342,5.5,0.53,0.6,15,0,0.933,0,0.067,2025-10-14T18:44:43Z,2025-10-15T19:35:49Z,1.0354895717595463,Advanced,Medium,Blitz
nikulin09,2328.9,2229,2507,94.8,-3.87,0.633,15,0.2,0.333,0.067,0.4,2025-10-05T06:26:03Z,2025-10-12T06:35:45Z,7.006734270834261,Advanced,Medium,Classical
Zgm-GiantKiller,2328.1,2318,2340,6.6,1.53,0.967,15,0,1,0,0,2025-10-13T21:23:13Z,2025-10-13T22:32:33Z,0.04814689815044403,Advanced,Medium,Blitz
DjAlber,2326.5,2320,2337,4.6,0.73,0.867,15,1,0,0,0,2025-10-12T22:54:19Z,2025-10-13T22:54:42Z,1.0002712847209638,Advanced,Medium,Bullet
LLlAXMATbl1,2326.4,2077,2372,99.4,-1.93,0.7,15,0.867,0.133,0,0,2025-10-10T16:27:22Z,2025-10-13T14:39:41Z,2.925221250002031,Advanced,Medium,Bullet
Vadim0507001012,2324.8,2315,2336,6.3,0.2,0.933,15,0,0,0,1,2025-08-19T16:31:31Z,2025-10-14T19:45:01Z,56.13437497685077,Advanced,Medium,Classical
RodrigoMarrou2012,2324.5,1955,2506,259.7,2,0.767,15,0.667,0,0.333,0,2025-10-14T20:59:28Z,2025-10-16T02:41:33Z,1.2375569560185626,Advanced,Medium,Bullet
abmcdonald,2323.3,2239,2399,76,0.93,0.833,15,0,0,0.533,0.467,2025-10-13T22:25:31Z,2025-10-15T23:17:53Z,2.036362418982166,Advanced,Medium,Rapid
vincere87,2318.2,2291,2340,16.9,-0.13,0.533,15,0,0,0.733,0.267,2025-10-14T18:37:17Z,2025-10-15T22:10:47Z,1.1482635416669977,Advanced,Medium,Rapid
CHESS23456789,2317.1,2108,2375,84.8,5.8,0.967,15,0,0.2,0.667,0.133,2025-10-12T14:11:45Z,2025-10-14T20:41:09Z,2.270412233794729,Advanced,Medium,Rapid
ChessInsomniac,2315.8,2298,2333,10.2,2.07,0.933,15,0,0,0,1,2025-08-31T17:40:03Z,2025-10-15T17:57:19Z,45.01199300926041,Advanced,Medium,Classical
buldog58,2314.9,2300,2327,8.3,-0.67,0.533,15,0,1,0,0,2025-10-15T17:04:07Z,2025-10-15T19:12:16Z,0.08899684027941139,Advanced,Medium,Blitz
Ardavan74,2313.9,2037,2341,76.8,-0.07,0.567,15,0.933,0.067,0,0,2025-09-26T21:28:12Z,2025-10-11T15:14:14Z,14.740299525462367,Advanced,Medium,Bullet
Loopy23,2313.7,2301,2325,7.5,1.47,0.567,15,0,1,0,0,2025-09-23T16:10:23Z,2025-10-03T15:53:21Z,9.988175034721692,Advanced,Medium,Blitz
faznaz83,2312.4,2289,2358,24.8,2.53,0.733,15,0,0.667,0,0.333,2025-09-08T14:29:30Z,2025-10-15T13:00:15Z,36.93802240740922,Advanced,Medium,Blitz
Slmctk,2305.1,1500,2555,337.4,47.87,0.667,15,0.133,0.4,0.333,0.133,2024-03-20T18:07:33Z,2025-09-05T09:33:26Z,533.6429736805542,Advanced,Medium,Mixed
FlyingLemon,2305,2293,2321,7.9,-1.6,0.533,15,0,0,0.467,0.533,2025-10-10T16:37:38Z,2025-10-15T20:35:54Z,5.165454895833024,Advanced,Medium,Rapid
Nobita2345678,2303,2256,2418,69.5,-0.2,0.367,15,0,0.733,0.267,0,2025-10-10T16:00:23Z,2025-10-16T02:59:22Z,5.457624768518188,Advanced,Medium,Blitz
TAiSThuban,2302,2291,2314,7.4,-1.67,0.6,15,0,1,0,0,2025-10-06T06:23:16Z,2025-10-09T05:34:02Z,2.965814328701408,Advanced,Medium,Blitz
pavaobjazevic,2297.6,2291,2307,4.4,0,0.8,15,0,0,0,1,2025-08-31T01:30:26Z,2025-10-11T19:25:08Z,41.746319097219796,Advanced,Medium,Classical
Carlsen_Tal-2026,2297.1,2244,2491,96,0.13,0.633,15,0,0.8,0.2,0,2025-10-14T13:02:10Z,2025-10-15T14:27:04Z,1.05895899305741,Advanced,Medium,Blitz
THEDEADLYDESTROYER10,2290.5,2256,2327,20.7,3.33,0.8,15,0,0,0,1,2025-10-10T11:58:39Z,2025-10-16T04:25:23Z,5.6852375925911796,Advanced,Medium,Classical
wizard1983,2290.2,2228,2378,60.7,-1.6,0.767,15,0.2,0,0.267,0.533,2025-08-10T19:20:00Z,2025-10-11T18:01:51Z,61.94572836805549,Advanced,Medium,Classical
hall03,2287.9,2062,2357,93.6,2.2,0.567,15,0.4,0.4,0.067,0.133,2025-08-14T12:21:19Z,2025-10-10T19:12:55Z,57.285835370371736,Advanced,Medium,Mixed
basementperson,2285.1,2233,2402,64.7,-1.2,0.467,15,0.267,0.733,0,0,2025-10-14T06:14:33Z,2025-10-16T03:04:08Z,1.8677718171284154,Advanced,Medium,Blitz
Alen555,2279.7,2261,2299,14.4,-1.47,0.8,15,0,0,0,1,2025-10-03T22:05:57Z,2025-10-11T01:21:19Z,7.135669513888381,Advanced,Medium,Classical
katimal,2274.9,2261,2298,11.1,-2.07,0.333,15,0,1,0,0,2025-10-13T17:47:51Z,2025-10-15T15:16:39Z,1.8950006712945524,Advanced,Medium,Blitz
b2rrr,2274,2205,2394,81.6,-1.87,0.6,15,0.333,0.667,0,0,2025-09-28T17:19:11Z,2025-10-07T17:16:54Z,8.998408541665585,Advanced,Medium,Blitz
Nastik-krash,2273.3,2265,2286,5.1,-0.8,0.567,15,1,0,0,0,2025-10-11T19:43:33Z,2025-10-12T16:00:34Z,0.8451531365762154,Advanced,Medium,Bullet
Hulscher_1979,2272.9,2245,2285,10.2,-1.33,0.567,15,0,0,0.933,0.067,2025-10-12T16:23:50Z,2025-10-13T17:58:24Z,1.0656738773153889,Advanced,Medium,Rapid
BlindJagulep,2267.4,2225,2323,36.4,2.2,0.8,15,0.067,0.6,0,0.333,2025-09-25T06:02:46Z,2025-10-15T22:06:21Z,20.66915342592531,Advanced,Medium,Blitz
tavishsingh,2265.7,2253,2279,8.9,0,0.667,15,1,0,0,0,2025-10-14T14:50:28Z,2025-10-15T11:12:59Z,0.848970405092394,Advanced,Medium,Bullet
SmellTheGas,2265.3,2114,2295,43.1,0.13,0.433,15,0.933,0.067,0,0,2025-10-14T15:43:39Z,2025-10-15T19:38:26Z,1.1630487268500858,Advanced,Medium,Bullet
Delebarre,2264.7,2221,2308,37.4,0,0.633,15,0,0.533,0.2,0.267,2025-10-09T12:18:18Z,2025-10-15T19:46:58Z,6.311568668981393,Advanced,Medium,Blitz
Silkthewanderer,2263.1,2228,2285,18,-1.53,0.767,15,0,0,0.267,0.733,2025-10-07T14:00:59Z,2025-10-13T20:03:17Z,6.251589826389595,Advanced,Medium,Classical
KerimHalit,2261.3,1883,2303,104.9,14.2,0.933,15,0,0,0.067,0.933,2025-09-11T20:44:36Z,2025-10-10T20:10:55Z,28.97660321759129,Advanced,Medium,Classical
Lampac09,2254.6,2236,2272,11,1.73,0.7,15,1,0,0,0,2025-10-15T18:48:28Z,2025-10-15T19:03:57Z,0.010751840279058174,Advanced,Medium,Bullet
desx,2253.6,2239,2264,7.3,-0.6,0.467,15,0,1,0,0,2025-10-15T20:10:27Z,2025-10-16T04:05:16Z,0.3297387731489208,Advanced,Medium,Blitz
Natso,2245.8,2218,2263,12.9,4.2,0.867,15,0,1,0,0,2022-06-25T01:58:07Z,2023-02-02T00:48:34Z,221.9516991898169,Advanced,Medium,Blitz
vmalinovsky2009,2243.8,2121,2468,157.1,-0.73,0.533,15,0.333,0.667,0,0,2025-10-10T14:18:13Z,2025-10-14T15:14:32Z,4.0391170833342604,Advanced,Medium,Blitz
Gepard1988,2240.7,2223,2259,10.7,2.8,0.833,15,0.933,0,0.067,0,2025-09-06T07:00:50Z,2025-10-14T17:14:33Z,38.4261908449067,Advanced,Medium,Bullet
ChessClubKomotini,2240.1,2134,2423,129.8,-1.2,0.8,15,0,0,0.667,0.333,2025-09-20T19:33:46Z,2025-10-14T11:16:55Z,23.65495665509116,Advanced,Medium,Rapid
Chess_for_some,2239.2,2212,2298,34.8,0,0.867,15,0,0,0.733,0.267,2025-10-08T21:07:46Z,2025-10-15T20:38:08Z,6.979416574074162,Advanced,Medium,Rapid
chrisrapid,2237.5,2100,2260,38.5,-2,0.367,15,0.933,0.067,0,0,2025-09-20T16:02:22Z,2025-09-28T19:54:05Z,8.16091020833287,Advanced,Medium,Bullet
Xing-play,2236.1,2220,2255,10.8,-2.6,0.267,15,1,0,0,0,2025-10-14T17:48:32Z,2025-10-16T04:33:43Z,1.4480537268519402,Advanced,Medium,Bullet
Crazybugg,2222.9,2195,2237,14.5,2.8,0.767,15,0,1,0,0,2025-10-06T09:39:36Z,2025-10-14T17:24:26Z,8.322808530093344,Advanced,Medium,Blitz
Love_is_4ever,2220.3,2188,2372,60.3,0.47,0.567,15,0.133,0.867,0,0,2025-10-14T18:43:49Z,2025-10-15T20:25:43Z,1.0707675231468898,Advanced,Medium,Blitz
RomanSteblovskyi,2218.2,2132,2249,35,-0.93,0.333,15,0.867,0.133,0,0,2025-10-15T17:14:40Z,2025-10-15T22:35:35Z,0.2228591435181874,Advanced,Medium,Bullet
OFBC_Nigeria,2214.7,2166,2293,43.9,-5.13,0.333,15,0.2,0.8,0,0,2025-01-25T08:07:57Z,2025-02-04T20:11:47Z,10.502656527776962,Advanced,Medium,Blitz
bandibacsi1966,2212.6,2190,2245,20.4,2.87,0.867,15,0,1,0,0,2025-10-12T18:25:42Z,2025-10-12T19:31:18Z,0.04555599536884714,Advanced,Medium,Blitz
cr0c0d1l3,2209.7,2196,2221,7,1.07,0.667,15,1,0,0,0,2025-10-06T11:46:21Z,2025-10-09T06:53:22Z,2.7965398148143734,Advanced,Medium,Bullet
ciw,2205.9,2075,2238,49.7,-2.87,0.7,15,0.067,0.067,0.867,0,2025-05-15T17:21:56Z,2025-08-12T18:16:25Z,89.03783614583314,Advanced,Medium,Rapid
Trader9703,2202.4,2185,2218,9.9,-1.6,0.667,15,0,1,0,0,2025-10-12T15:45:48Z,2025-10-13T09:50:35Z,0.753329548612237,Advanced,Medium,Blitz
ali-rafiepour,2201.1,1940,2577,285.8,1.07,0.6,15,0.533,0.267,0.2,0,2025-10-09T11:20:16Z,2025-10-13T09:41:04Z,3.931106944445659,Advanced,Medium,Bullet
JanMeLons,2194.1,1826,2262,123.4,-2.8,0.4,15,0.8,0.133,0.067,0,2025-10-05T16:30:07Z,2025-10-15T17:06:44Z,10.025434710648325,Advanced,Medium,Bullet
Rexfex,2193.3,2139,2247,44.3,5.4,0.7,15,0.467,0.4,0.133,0,2025-07-09T14:29:42Z,2025-10-09T22:06:35Z,92.31727635416719,Advanced,Medium,Bullet
jdd_ms10,2189.7,2160,2204,14.4,-3.07,0.233,15,0,1,0,0,2025-10-16T02:28:12Z,2025-10-16T03:28:03Z,0.04156526620189349,Advanced,Medium,Blitz
TM_13,2188.1,2082,2383,134.9,-1.2,0.467,15,0.333,0.667,0,0,2025-09-30T19:30:41Z,2025-10-15T11:22:19Z,14.66085392360886,Advanced,Medium,Blitz
turkeychilli,2186.1,2128,2248,39.4,3.2,0.867,15,0.867,0.133,0,0,2025-07-02T04:23:11Z,2025-08-02T07:59:59Z,31.15055784722169,Advanced,Medium,Bullet
Javelin_ua,2180.8,2172,2190,6.2,-0.73,0.6,15,1,0,0,0,2025-10-14T18:53:14Z,2025-10-15T19:08:51Z,1.0108399537040127,Advanced,Medium,Bullet
Horus_88,2179.1,2166,2190,7.3,-0.53,0.5,15,0,1,0,0,2025-10-15T04:46:53Z,2025-10-16T04:39:11Z,0.9946536921295854,Advanced,Medium,Blitz
fnjal,2177.8,2086,2208,28.3,4.87,0.833,15,0.933,0.067,0,0,2025-10-13T17:43:13Z,2025-10-15T19:08:59Z,2.059558564813601,Advanced,Medium,Bullet
LOVE_IS_IMPORTANT,2176.9,2165,2188,7.4,0.53,0.733,15,1,0,0,0,2025-10-10T21:51:38Z,2025-10-12T01:17:43Z,1.1431044791666445,Advanced,Medium,Bullet
Sniper_King55_58,2176.6,2093,2312,81.8,2.4,0.833,15,0.267,0.2,0.467,0.067,2025-10-07T10:44:34Z,2025-10-12T08:01:52Z,4.887017280092394,Advanced,Medium,Rapid
hjtt,2166.5,2158,2176,4.7,0.27,0.467,15,1,0,0,0,2025-10-15T17:26:05Z,2025-10-15T17:56:09Z,0.020879664352094686,Advanced,Medium,Bullet
RhymeViolin,2160.1,1917,2204,96.5,-1.2,0.4,15,0.867,0.133,0,0,2025-10-14T17:27:21Z,2025-10-16T00:42:51Z,1.3024332638885137,Advanced,Medium,Bullet
hudTokyo,2159.5,2144,2174,8.1,-0.53,0.467,15,1,0,0,0,2025-10-13T00:16:01Z,2025-10-15T03:59:45Z,2.1553658564802674,Advanced,Medium,Bullet
ElioTheDog,2157.4,2149,2165,4.7,1.47,0.667,15,0,1,0,0,2025-10-12T12:15:46Z,2025-10-15T20:32:17Z,3.344798194443186,Advanced,Medium,Blitz
NilSeWon,2154.4,2117,2318,65.5,-0.93,0.4,15,0.133,0.867,0,0,2025-10-12T16:31:17Z,2025-10-15T18:22:43Z,3.0773918981491417,Advanced,Medium,Blitz
SumoSumo,2154.1,2126,2195,17.6,-3.47,0.4,15,0.733,0.267,0,0,2025-10-13T19:19:39Z,2025-10-15T22:28:28Z,2.1311271759260584,Advanced,Medium,Bullet
Nov3x,2151.7,2105,2185,20.3,-10.07,0.333,15,1,0,0,0,2022-12-27T22:58:50Z,2025-08-02T14:39:04Z,948.652937245369,Advanced,Medium,Bullet
GrandaddyViolet,2147.9,2039,2235,86.6,0.13,0.733,15,0.6,0.4,0,0,2025-10-15T14:45:14Z,2025-10-16T02:19:18Z,0.4819950231495831,Advanced,Medium,Bullet
nataniel123,2142,2078,2245,73.6,0.87,0.567,15,0.333,0.667,0,0,2025-10-14T16:51:38Z,2025-10-15T21:32:56Z,1.195341527779345,Advanced,Medium,Blitz
EsTnatic,2141.9,2132,2151,4.9,0.13,0.667,15,1,0,0,0,2025-10-14T05:10:25Z,2025-10-14T07:26:12Z,0.09428990740742949,Advanced,Medium,Bullet
XBLAAAA,2141.3,2120,2187,17,-1.6,0.267,15,0.067,0,0.933,0,2025-10-10T09:04:47Z,2025-10-14T03:29:18Z,3.7670278125007948,Advanced,Medium,Rapid
Jaraxis,2140.3,2131,2147,4.4,-0.2,0.533,15,1,0,0,0,2025-10-15T20:14:40Z,2025-10-15T20:42:01Z,0.018991423610735823,Advanced,Medium,Bullet
fischkook,2123.7,1959,2431,173.6,3.47,0.833,15,0.4,0.267,0.2,0.133,2025-10-06T23:27:02Z,2025-10-14T23:07:52Z,7.986685706018298,Advanced,Medium,Mixed
seth_777,2123.3,2067,2278,78.5,0.8,0.5,15,0.2,0.533,0.267,0,2025-10-09T02:36:27Z,2025-10-15T21:53:31Z,6.803513182870768,Advanced,Medium,Blitz
AmolMav,2122.3,2025,2373,149.1,-1.2,0.5,15,0,0.733,0,0.267,2025-10-14T19:16:25Z,2025-10-16T03:49:22Z,1.3562153819424134,Advanced,Medium,Blitz
Aryan_Rahimpour_2004,2108.9,2103,2121,6.2,-0.67,0.633,15,0,1,0,0,2025-10-15T18:46:19Z,2025-10-15T19:53:32Z,0.04667105324014469,Advanced,Medium,Blitz
Aar_77on,2105.6,2042,2145,27.4,0.2,0.567,15,0,0.867,0,0.133,2025-08-10T16:53:34Z,2025-10-06T23:32:41Z,57.27716298611076,Advanced,Medium,Blitz
Tha_jesus,2102.8,1863,2257,187.4,-0.33,0.433,15,0.6,0.4,0,0,2025-10-13T21:05:51Z,2025-10-16T00:01:46Z,2.122170833332671,Advanced,Medium,Bullet
iblunderAlot124,2100.3,2091,2115,7.5,1.47,0.6,15,1,0,0,0,2025-10-13T02:18:31Z,2025-10-15T00:31:20Z,1.925557974535558,Advanced,Medium,Bullet
paHorde,2083.4,2069,2102,9.1,1.8,0.667,15,1,0,0,0,2025-10-16T02:58:13Z,2025-10-16T04:42:24Z,0.0723429282395928,Advanced,Medium,Bullet
Jus_Jacome,2082.1,2067,2104,10.9,2.6,0.9,15,0,1,0,0,2025-10-15T22:55:54Z,2025-10-16T00:03:57Z,0.04724769675897227,Advanced,Medium,Blitz
ViperxXxVenom,2080.7,2068,2098,9,2.4,0.7,15,1,0,0,0,2025-09-13T15:05:05Z,2025-09-21T15:48:00Z,8.02980510416682,Advanced,Medium,Bullet
tamotdons,2080.3,2001,2300,123.1,-6.8,0.5,15,0.733,0.267,0,0,2025-09-27T04:40:50Z,2025-10-06T08:55:19Z,9.176721111111068,Advanced,Medium,Bullet
IvankovicDbk,2077.7,2014,2097,22.8,1.4,0.7,15,0.133,0.867,0,0,2025-04-13T18:58:00Z,2025-06-19T10:56:16Z,66.66546611111197,Advanced,Medium,Blitz
StUdIeB,2073.7,2043,2306,64.7,-1.27,0.467,15,0.067,0.933,0,0,2025-10-08T08:32:18Z,2025-10-12T19:24:35Z,4.452974479168102,Advanced,Medium,Blitz
Aleks-lexa,2073.2,2038,2311,74.1,1.33,0.9,15,0,0.867,0.067,0.067,2025-10-10T17:45:46Z,2025-10-15T15:20:15Z,4.898948032408953,Advanced,Medium,Blitz
GrohochetGrom,2069.4,1904,2116,82.6,-0.87,0.467,15,0,0.2,0.8,0,2025-10-14T17:58:04Z,2025-10-15T23:27:21Z,1.228664432871673,Advanced,Medium,Rapid
AstroCat789,2054.9,1903,2101,76.4,-1.27,0.433,15,0.8,0.2,0,0,2025-10-12T19:15:12Z,2025-10-15T18:06:57Z,2.952605532405001,Advanced,Medium,Bullet
Wolfram_EP,2053.5,2040,2072,9.9,-0.8,0.8,15,0,1,0,0,2025-08-11T19:43:33Z,2025-10-07T10:50:46Z,56.630006701388844,Advanced,Medium,Blitz
HereisACCjr,2049.6,1947,2114,39.5,11.4,0.533,15,0.933,0.067,0,0,2019-05-15T06:40:03Z,2025-10-13T22:01:22Z,2343.639800127317,Advanced,Medium,Bullet
visualdennis,2045.7,1500,2388,477.6,316.33,1,3,0,0,1,0,2020-12-03T16:35:47Z,2020-12-11T11:32:45Z,7.78955173611089,Advanced,Low,Rapid
Sciolaro,2031.7,2001,2116,27.8,0.07,0.833,15,0.067,0.867,0,0.067,2025-06-29T23:42:03Z,2025-10-11T19:11:42Z,103.81225107638924,Advanced,Medium,Blitz
Maxime109,2023.3,1989,2065,23.3,-3.53,0.4,15,0.8,0.2,0,0,2025-08-08T15:18:19Z,2025-09-03T14:14:40Z,25.9557999884282,Advanced,Medium,Bullet
TurtleCrossRoad,2017.7,1987,2048,18.8,2.53,0.867,15,0,1,0,0,2025-10-07T03:31:39Z,2025-10-12T00:54:23Z,4.890781631944356,Advanced,Medium,Blitz
stinkypotato,2004.5,1863,2060,81.6,1.53,0.633,15,0.667,0.267,0.067,0,2025-10-10T02:59:33Z,2025-10-15T21:42:48Z,5.780029618055732,Advanced,Medium,Bullet
SergeiSEMENOV,2000.5,1996,2006,3.2,-0.6,0.467,15,0,1,0,0,2025-10-14T14:08:45Z,2025-10-15T14:09:45Z,1.0007022685171278,Advanced,Medium,Blitz
Dr_Pulersteinits,1999.2,1500,2120,165.1,47.93,0.9,15,0.8,0.133,0.067,0,2025-10-02T13:38:05Z,2025-10-08T10:36:28Z,5.873877824073037,Intermediate,Medium,Bullet
wildecats,1994.3,1983,2007,6.8,0.07,0.733,15,0,1,0,0,2025-01-17T20:46:06Z,2025-01-20T23:52:17Z,3.129297245371121,Intermediate,Medium,Blitz
BruecLee,1989.1,1941,2031,23.2,0.53,0.533,15,1,0,0,0,2025-06-14T19:47:04Z,2025-10-09T10:09:30Z,116.59890972222168,Intermediate,Medium,Bullet
Kotov7001,1985.2,1913,2152,85.5,-5.67,0.433,15,0,0.8,0.2,0,2025-09-01T08:27:45Z,2025-10-15T11:24:02Z,44.12241494212989,Intermediate,Medium,Blitz
Dilmurod05,1983.9,1970,1998,9.7,-1.53,0.367,15,1,0,0,0,2025-10-15T18:54:44Z,2025-10-16T04:37:59Z,0.4050249652785284,Intermediate,Medium,Bullet
Royal_Horde29,1983.5,1876,2111,88.5,2.53,0.533,15,0.267,0.2,0.533,0,2025-10-14T03:16:05Z,2025-10-15T13:32:42Z,1.4282029629636694,Intermediate,Medium,Rapid
Rodionkel,1977.3,1567,2181,290.2,2.47,0.6,15,0.667,0,0.333,0,2025-10-06T18:43:28Z,2025-10-15T15:00:39Z,8.845268483796605,Intermediate,Medium,Bullet
sriramprasad,1976.8,1875,2031,71.5,0.6,0.5,15,0.667,0.333,0,0,2025-10-09T05:38:29Z,2025-10-15T11:57:40Z,6.2633220833319205,Intermediate,Medium,Bullet
makeMeCry,1974.5,1965,1983,5.2,-0.6,0.4,15,1,0,0,0,2025-10-15T20:01:07Z,2025-10-15T22:45:55Z,0.11444703703677213,Intermediate,Medium,Bullet
ZeroMaterialst_CRUSH,1967.9,1765,2103,118.9,2.73,0.467,15,0.267,0.667,0.067,0,2025-10-04T04:42:13Z,2025-10-10T16:07:01Z,6.47555200231572,Intermediate,Medium,Blitz
OhNoMyBannedOpening,1959.5,1019,2305,578.8,1.2,0.6,15,0.733,0,0.267,0,2025-10-13T20:38:00Z,2025-10-14T07:37:09Z,0.4577411921322346,Intermediate,Medium,Bullet
cherryghost1108,1958.3,1939,2114,43.5,-0.73,0.5,15,0.067,0.067,0.867,0,2025-10-13T16:40:19Z,2025-10-15T10:21:25Z,1.736872812498499,Intermediate,Medium,Rapid
dArK_07,1942.3,1779,1993,65.2,5.27,0.767,15,0.867,0.133,0,0,2025-09-25T01:51:30Z,2025-10-07T01:51:33Z,12.000038692128879,Intermediate,Medium,Bullet
DrunkenMaracker,1938.2,1830,2173,98.4,4.13,0.533,15,0.2,0.8,0,0,2024-10-10T21:55:47Z,2025-10-10T21:08:51Z,364.96741163194457,Intermediate,Medium,Blitz
DaSlurpyNinja,1937.7,1775,1961,45.4,-0.13,0.467,15,0.933,0.067,0,0,2025-10-13T22:43:31Z,2025-10-14T17:25:42Z,0.7792985995389797,Intermediate,Medium,Bullet
Timofey03112010,1914.8,1830,1998,71.8,3.33,0.633,15,0.533,0.467,0,0,2025-09-28T10:14:30Z,2025-10-11T18:48:54Z,13.357229930557034,Intermediate,Medium,Bullet
Huguitooo_xD,1905.4,1692,1999,131.5,3.07,0.733,15,0.733,0.267,0,0,2025-08-02T17:59:17Z,2025-10-11T19:33:26Z,70.06537984953711,Intermediate,Medium,Bullet
pawnswindler,1903.8,1884,1920,9.7,0.8,0.567,15,1,0,0,0,2025-10-14T12:10:45Z,2025-10-16T03:12:55Z,1.626498333334371,Intermediate,Medium,Bullet
Psamhie,1890.8,1876,1903,7.5,-1.73,0.333,15,1,0,0,0,2025-10-14T04:46:27Z,2025-10-15T19:30:36Z,1.6140026504629188,Intermediate,Medium,Bullet
Nawanadoo,1886.7,1865,1946,25.1,-8,0.6,15,0.133,0.667,0.2,0,2025-10-01T19:39:07Z,2025-10-09T09:35:01Z,7.58048401620377,Intermediate,Medium,Blitz
KIETtuan20135,1859.7,1836,1931,28.1,2.4,0.7,15,0,0.133,0.867,0,2025-10-12T02:07:11Z,2025-10-15T06:26:12Z,3.179875023147022,Intermediate,Medium,Rapid
Peanutbutter12345,1856.7,1804,1907,34.8,-6.2,0.4,15,0,1,0,0,2025-04-26T13:13:42Z,2025-04-26T15:16:26Z,0.08523991897978164,Intermediate,Medium,Blitz
AahaanTheChamp,1854.2,1847,1861,3.7,0.47,0.533,15,1,0,0,0,2025-10-15T09:59:24Z,2025-10-15T12:30:06Z,0.10465641203853819,Intermediate,Medium,Bullet
Chess4BetterLife,1845.2,1832,1864,10.2,-1.67,0.4,15,0,1,0,0,2025-10-11T22:08:57Z,2025-10-15T22:18:59Z,4.00696827546314,Intermediate,Medium,Blitz
Ezhik_1988,1840,1828,1852,7.7,-0.6,0.667,15,0,1,0,0,2023-12-12T08:33:56Z,2024-05-11T21:00:32Z,151.51846445601848,Intermediate,Medium,Blitz
RabbieR,1836.4,1706,1942,76.9,11.87,0.733,15,0.4,0.133,0.067,0.4,2025-04-05T03:31:36Z,2025-09-18T02:17:57Z,165.94886250000033,Intermediate,Medium,Classical
cariotides,1826.1,1814,1835,6.1,0.13,0.8,15,0,0,0,1,2025-10-14T15:06:27Z,2025-10-15T21:28:27Z,1.2652828124993378,Intermediate,Medium,Classical
steel_real,1825.7,1808,1844,11.4,0.07,0.5,15,0,0,1,0,2025-09-26T08:15:06Z,2025-10-13T13:41:13Z,17.226479201388578,Intermediate,Medium,Rapid
Litmatchess,1822.3,1582,1867,94.5,3,0.633,15,0.867,0.133,0,0,2025-09-25T14:43:08Z,2025-10-11T13:45:49Z,15.960199791664879,Intermediate,Medium,Bullet
z12345zzz,1817.9,1792,1837,11.3,2.07,0.933,15,0,1,0,0,2021-10-04T09:08:20Z,2023-03-28T09:50:05Z,540.028988020834,Intermediate,Medium,Blitz
Sniper_King_55_58_2,1817.3,1500,2134,230.2,113.8,1,10,0.7,0.3,0,0,2025-09-30T17:40:35Z,2025-10-10T10:04:29Z,9.683264780094227,Intermediate,Medium,Bullet
RasheedHomie,1813.7,1795,1830,12.3,-0.2,0.533,15,0,1,0,0,2025-10-01T04:04:27Z,2025-10-13T20:28:45Z,12.683540520833597,Intermediate,Medium,Blitz
Lotos_33,1807,1782,1838,14.9,-0.93,0.467,15,1,0,0,0,2025-09-24T14:45:35Z,2025-09-26T18:25:06Z,2.152435358795855,Intermediate,Medium,Bullet
vectorveld,1805.9,1736,1882,36,1,0.567,15,0,1,0,0,2018-09-10T18:09:38Z,2024-02-17T09:00:55Z,1985.6189506250014,Intermediate,Medium,Blitz
DeadAndForgotten,1802.5,1789,1813,8.4,-0.2,0.267,15,1,0,0,0,2025-08-02T18:49:09Z,2025-08-02T19:14:25Z,0.01754175925972285,Intermediate,Medium,Bullet
Salmon_on_butter,1800,1766,1815,11.9,-1.27,0.467,15,0,0.933,0.067,0,2025-10-12T11:08:19Z,2025-10-13T15:13:42Z,1.1704142129614397,Intermediate,Medium,Blitz
Frederic001,1796.3,1730,1846,32.9,-2.33,0.5,15,0.867,0.133,0,0,2025-04-26T16:25:08Z,2025-10-08T12:56:08Z,164.85486164351857,Intermediate,Medium,Bullet
llliiilllililil,1795.9,1771,1856,24.3,-4.8,0.333,15,0,1,0,0,2023-10-22T21:15:53Z,2025-09-30T16:18:23Z,708.7934024537051,Intermediate,Medium,Blitz
Andrey_Timer,1786,1500,1884,124.8,25.67,0.9,15,0.4,0.6,0,0,2019-12-20T14:34:07Z,2022-08-05T16:27:58Z,959.0790544444433,Intermediate,Medium,Blitz
UglySwede,1778.3,1744,1837,28.4,-0.8,0.5,15,1,0,0,0,2025-03-14T17:05:29Z,2025-09-19T11:55:33Z,188.78476725694483,Intermediate,Medium,Bullet
thibault,1772.8,1761,1781,5.6,2.93,0.633,15,0.067,0.933,0,0,2025-09-02T09:22:01Z,2025-10-13T16:27:45Z,41.295646030091575,Intermediate,Medium,Blitz
Mathealira,1771.3,1739,1792,17.3,-0.67,0.4,15,0.267,0.733,0,0,2025-10-13T00:37:20Z,2025-10-15T18:42:42Z,2.7537248842583764,Intermediate,Medium,Blitz
KidCh3ss,1763.9,1753,1776,7,-0.33,0.467,15,1,0,0,0,2025-10-13T16:25:40Z,2025-10-16T04:28:24Z,2.501895613424756,Intermediate,Medium,Bullet
agarciadodo,1755.1,1689,1833,69.3,1.13,0.7,15,0,0.533,0.467,0,2025-10-09T18:15:17Z,2025-10-12T20:39:27Z,3.100119224538406,Intermediate,Medium,Blitz
EsiriToneh,1728.5,1710,1744,11.1,-2.07,0.333,15,1,0,0,0,2025-10-05T22:08:21Z,2025-10-15T19:33:54Z,9.892745949074074,Intermediate,Medium,Bullet
borntotry,1715.3,1641,1912,78.1,-2.67,0.467,15,0,0.867,0.133,0,2025-06-28T07:36:44Z,2025-09-28T05:51:50Z,91.92715129629882,Intermediate,Medium,Blitz
hypercamel,1693.4,1500,1830,127.4,64,0.8,5,0,1,0,0,2025-04-02T15:32:39Z,2025-08-25T17:57:53Z,145.10086320601678,Intermediate,Low,Blitz
Chucklemagne,1688,1500,2064,325.6,297.67,0.667,3,0.667,0.333,0,0,2016-06-01T19:58:33Z,2021-04-10T16:27:30Z,1773.8534352430536,Intermediate,Low,Bullet
ESTEBANCERNA2013,1668.5,1500,1793,91.5,8.53,0.467,15,0.867,0,0,0.133,2025-02-07T22:09:59Z,2025-10-16T00:02:53Z,250.07840052083134,Intermediate,Medium,Bullet
UDITORIUM,1659.1,1630,1676,13.2,2.8,0.333,15,0,1,0,0,2025-10-13T16:00:04Z,2025-10-13T16:56:48Z,0.03939744212837131,Intermediate,Medium,Blitz
PelagicPorpoise,1653.9,1535,1699,49.2,4.53,0.733,15,0.867,0.133,0,0,2024-01-21T08:26:07Z,2024-01-22T06:10:09Z,0.9055848379626318,Intermediate,Medium,Bullet
firebatprime,1644.6,1615,1683,19.9,-1.07,0.467,15,1,0,0,0,2024-01-22T19:21:18Z,2024-03-17T19:55:25Z,55.023693310185166,Intermediate,Medium,Bullet
LC-Racing,1638.5,1473,1764,114.1,0.33,0.5,15,0.4,0.133,0.267,0.2,2025-10-07T19:48:51Z,2025-10-15T21:38:57Z,8.076457118055334,Intermediate,Medium,Mixed
grogers,1635.9,1622,1652,10.3,-1.47,0.367,15,0,1,0,0,2025-10-13T16:04:46Z,2025-10-14T17:56:52Z,1.0778424074059283,Intermediate,Medium,Blitz
Bandz007,1623.6,1528,1720,67.7,-11.73,0.233,15,1,0,0,0,2023-07-15T11:15:40Z,2025-02-17T23:40:15Z,583.5170732754634,Intermediate,Medium,Bullet
kuma0418,1620,1565,1682,34.3,-9.47,0.2,15,0.8,0.2,0,0,2025-08-24T12:29:45Z,2025-10-03T14:47:03Z,40.095348148147266,Intermediate,Medium,Bullet
Mark97,1618.2,1506,1762,88.2,5.13,0.867,15,0.333,0.467,0.2,0,2019-05-06T14:53:36Z,2020-01-27T14:56:10Z,266.0017752083308,Intermediate,Medium,Blitz
IAMIN-CLASS-7-C,1616.2,1597,1636,10.2,1.53,0.6,15,1,0,0,0,2025-09-18T12:03:31Z,2025-10-11T09:56:11Z,22.91157629629804,Intermediate,Medium,Bullet
TAFKABacchus,1604.7,1590,1618,8.2,0.6,0.567,15,0,1,0,0,2025-09-22T14:28:57Z,2025-09-25T16:04:09Z,3.066109502315521,Intermediate,Medium,Blitz
Sridhar75,1604,1453,1831,123.7,-13.53,0.333,15,0.067,0.467,0.467,0,2025-02-28T22:57:06Z,2025-09-16T16:59:56Z,199.75197628472415,Intermediate,Medium,Blitz
Kotov_Syndrome,1594.4,1485,1772,114.1,11.47,0.667,15,0.667,0.333,0,0,2023-10-02T17:13:57Z,2024-10-26T16:42:55Z,389.97844395833437,Novice,Medium,Bullet
Bryan_Rodriguez10,1585.7,1572,1599,11.2,-0.6,0.2,15,1,0,0,0,2025-08-02T07:40:56Z,2025-08-25T01:07:40Z,22.726895902777713,Novice,Medium,Bullet
ekulxam,1559.4,1509,1629,31.3,22.2,0.8,15,0.933,0,0.067,0,2024-10-07T03:16:30Z,2025-06-27T04:16:57Z,263.041974467591,Novice,Medium,Bullet
Lahan_2014,1547.2,1491,1666,59,11.07,0.733,15,0,0,0.467,0.533,2025-10-09T03:29:55Z,2025-10-15T23:01:45Z,6.813777141204035,Novice,Medium,Rapid
Nikodem23,1543.7,1523,1566,12,-0.07,0.467,15,0,0,1,0,2025-07-16T07:59:40Z,2025-08-14T14:22:44Z,29.266015023147617,Novice,Medium,Rapid
Tiest,1506.4,1342,1632,118.4,1.33,0.633,15,0,0.4,0.6,0,2022-09-01T09:16:53Z,2023-06-07T10:05:28Z,279.033742708332,Novice,Medium,Rapid
DanielRimner,1504.4,1486,1524,11,-0.6,0.5,15,1,0,0,0,2025-08-17T13:44:13Z,2025-09-29T10:06:49Z,42.849032939813206,Novice,Medium,Bullet
StealYourKidney,1500,1500,1500,NA,-93,0.5,1,0,1,0,0,2024-06-03T06:13:14Z,2024-06-03T06:13:14Z,0,Novice,Low,Blitz
chess24,1500,1500,1500,NA,-127,0,1,0,0,1,0,2013-10-14T09:01:53Z,2013-10-14T09:01:53Z,0,Novice,Low,Rapid
slamdunk86,1500,1500,1500,NA,-39,0,1,1,0,0,0,2024-08-03T16:34:56Z,2024-08-03T16:34:56Z,0,Novice,Low,Bullet
tadcooper,1500,1500,1500,NA,-128,0,1,0,0,1,0,2016-09-20T17:14:33Z,2016-09-20T17:14:33Z,0,Novice,Low,Rapid
Rider_In_Race,1492.4,1241,1800,190.7,25.6,0.833,15,0,0.2,0.8,0,2025-09-21T05:11:31Z,2025-10-06T10:08:40Z,15.20636203703781,Novice,Medium,Rapid
ShivaKPV,1487.7,1338,1533,73.8,0,0.4,15,0.8,0.2,0,0,2025-10-02T10:56:46Z,2025-10-11T16:54:56Z,9.248728101849556,Novice,Medium,Bullet
ARM64,1486.3,1468,1510,11.6,-0.13,0.467,15,1,0,0,0,2025-08-20T15:31:42Z,2025-10-11T09:33:59Z,51.75157821759306,Novice,Medium,Bullet
xz_reshai,1481.1,862,2105,463.5,-6.54,0.423,13,0.538,0.462,0,0,2025-08-19T11:29:13Z,2025-09-05T14:49:59Z,17.13943140046464,Novice,Medium,Bullet
Wilhem_krazowsky,1472.7,1157,1656,201.3,18.07,0.5,15,0.533,0.467,0,0,2024-05-06T19:37:08Z,2024-05-23T18:58:45Z,16.973345868057674,Novice,Medium,Bullet
wExoqtic,1467.3,1224,1917,325,-3.4,0.467,15,0.333,0.667,0,0,2024-11-09T17:49:33Z,2025-01-10T20:49:24Z,62.12489872685185,Novice,Medium,Blitz
disco1234,1447.7,1062,1764,216.1,-11.93,0.4,15,0.533,0.467,0,0,2024-09-07T10:15:32Z,2025-08-23T13:34:23Z,350.1380891087955,Novice,Medium,Bullet
AceIdf,1439.9,1252,1567,124.7,-1.47,0.533,15,0.533,0.4,0.067,0,2025-06-29T04:31:05Z,2025-10-13T01:22:27Z,105.86901208333396,Novice,Medium,Bullet
FjI-467,1408.4,1282,1583,115.4,-18.2,0.267,15,0,1,0,0,2025-07-20T13:38:08Z,2025-07-24T11:21:15Z,3.9049367129637136,Novice,Medium,Blitz
Chess251995,1399.8,1250,1500,113.9,-74.6,0,5,0.4,0.6,0,0,2024-01-26T14:01:22Z,2024-07-16T08:33:52Z,171.77256678240718,Novice,Low,Blitz
Zooey,1375.5,1330,1407,24.4,5.13,0.733,15,0.067,0.933,0,0,2019-07-22T12:42:14Z,2019-07-22T16:05:20Z,0.1410518518531764,Novice,Medium,Blitz
german11,1356.4,1342,1378,13.4,-2.13,0.133,15,0,1,0,0,2025-10-15T20:38:44Z,2025-10-15T21:41:51Z,0.0438339351862669,Novice,Medium,Blitz
spidermandavi,1342.3,1250,1496,97.2,5.33,0.7,15,0.6,0.333,0.067,0,2025-09-06T14:43:07Z,2025-10-05T18:05:55Z,29.14083376157615,Novice,Medium,Bullet
Vaaaaas24,1336.2,1111,1500,160.6,-55.83,0.333,6,0.667,0.333,0,0,2025-01-11T08:10:29Z,2025-08-15T14:06:03Z,216.24692612268584,Novice,Low,Bullet
MoveItUrSlow,1334.8,1159,1500,122.5,-49.67,0.667,9,0.111,0,0.889,0,2022-05-27T17:15:37Z,2022-09-03T17:03:53Z,98.99184851852004,Novice,Low,Rapid
Autumn2Ashes,1332,1098,1500,188.6,-56.5,0.333,6,0,0.667,0.167,0.167,2022-04-30T02:05:47Z,2025-05-12T16:48:05Z,1108.6127086805552,Novice,Low,Blitz
deinebewegung,1321.7,1256,1390,45.2,-5.8,0.5,15,0.933,0.067,0,0,2025-06-08T12:37:18Z,2025-10-12T18:08:28Z,126.22998319444557,Novice,Medium,Bullet
Pjr2001,1299.5,1094,1501,156.8,13.07,0.6,15,0.4,0.2,0.4,0,2023-12-31T05:56:46Z,2025-09-15T09:21:36Z,624.1422466203709,Novice,Medium,Mixed
goatikus,1292.5,1042,1562,215.4,-4.93,0.3,15,0.4,0.267,0.267,0.067,2025-10-07T12:55:31Z,2025-10-15T05:55:13Z,7.708115682869598,Novice,Medium,Mixed
PearlyJolly,1286.8,1101,1500,162.6,-3.83,0.5,6,0,1,0,0,2025-07-04T09:51:31Z,2025-10-12T06:27:10Z,99.85809046296333,Novice,Low,Blitz
TolyaStarina0991,1248.7,1217,1276,16.7,1.4,0.467,15,0,1,0,0,2025-05-29T05:50:38Z,2025-08-17T13:20:54Z,80.31269325231513,Novice,Medium,Blitz
memeliciouss,1235.4,1201,1280,24.9,2.53,0.6,15,1,0,0,0,2025-09-08T15:17:35Z,2025-10-08T04:50:08Z,29.56426724537103,Novice,Medium,Bullet
AVDNA8,1190.1,1113,1254,39.3,-3.8,0.533,15,0.733,0.267,0,0,2025-09-08T13:22:23Z,2025-10-13T17:20:32Z,35.165386122685895,Beginner,Medium,Bullet
Melton-S,1121.1,1100,1239,33.4,2.87,0.7,15,0,0.933,0.067,0,2025-10-08T14:14:26Z,2025-10-10T13:16:59Z,1.9600997337974884,Beginner,Medium,Blitz
Siddiq1911,1076.3,843,1339,174.4,34.33,0.333,15,0.2,0.467,0.333,0,2024-06-08T08:08:02Z,2025-07-28T05:39:08Z,414.896601782408,Beginner,Medium,Blitz
Ken_Badger,1043,1008,1100,27.1,5.6,0.733,15,1,0,0,0,2025-08-29T14:04:35Z,2025-08-29T19:13:53Z,0.21479283564620547,Beginner,Medium,Bullet
comeback786,968.6,948,977,7.1,-1.67,0.1,15,0,1,0,0,2025-08-13T05:09:36Z,2025-09-28T09:53:38Z,46.197247476853704,Beginner,Medium,Blitz
